datetime,date,type,pnl,cum_pnl,equity,peak,drawdown,drawdown_pct
2026-08-02 19:50:00-04:00,2026-08-02 19:50:00-04:00,SHORT,-1000.0,-1000.0,99000.0,99000.0,0.0,0.0
2026-08-02 21:15:00-04:00,2026-08-02 21:15:00-04:00,LONG,-222.19965884173095,-1222.199658841731,98777.80034115828,99000.0,-222.19965884172416,-0.2244440998401254
2026-08-03 03:00:00-04:00,2026-08-03 03:00:00-04:00,LONG,-1000.0,-2222.199658841731,97777.80034115828,99000.0,-1222.1996588417242,-1.2345451099411355
2026-08-03 04:15:00-04:00,2026-08-03 04:15:00-04:00,SHORT,684.8770629842861,-1537.3225958574449,98462.67740414255,99000.0,-537.3225958574476,-0.5427500968257046
2026-08-03 04:40:00-04:00,2026-08-03 04:40:00-04:00,SHORT,-1000.0,-2537.322595857445,97462.67740414255,99000.0,-1537.3225958574476,-1.5528511069267148
2026-08-03 07:15:00-04:00,2026-08-03 07:15:00-04:00,SHORT,1975.3149910004663,-562.0076048569786,99437.99239514302,99437.99239514302,0.0,0.0
2026-08-03 09:15:00-04:00,2026-08-03 09:15:00-04:00,SHORT,45.55759473171367,-516.4500101252648,99483.54998987474,99483.54998987474,0.0,0.0
2026-08-03 09:40:00-04:00,2026-08-03 09:40:00-04:00,SHORT,-999.9999999999999,-1516.4500101252647,98483.54998987474,99483.54998987474,-1000.0,-1.0051913106255037
2026-08-03 14:25:00-04:00,2026-08-03 14:25:00-04:00,LONG,3308.761167606573,1792.3111574813083,101792.31115748131,101792.31115748131,0.0,0.0
2026-08-03 20:40:00-04:00,2026-08-03 20:40:00-04:00,LONG,-1000.0,792.3111574813083,100792.31115748131,101792.31115748131,-1000.0,-0.9823924701472938
2026-08-03 23:05:00-04:00,2026-08-03 23:05:00-04:00,LONG,-510.4411764705754,281.86998101073294,100281.86998101074,101792.31115748131,-1510.4411764705728,-1.4838460383651104
2026-08-04 03:10:00-04:00,2026-08-04 03:10:00-04:00,LONG,-1000.0,-718.130018989267,99281.86998101074,101792.31115748131,-2510.441176470573,-2.4662385085124043
2026-08-04 04:30:00-04:00,2026-08-04 04:30:00-04:00,LONG,328.6456659167566,-389.4843530725104,99610.5156469275,101792.31115748131,-2181.795510553813,-2.1433794809692364
2026-08-04 14:40:00-04:00,2026-08-04 14:40:00-04:00,LONG,855.3166563298997,465.83230325738936,100465.83230325738,101792.31115748131,-1326.4788542239257,-1.3031228381991946
2026-08-04 15:45:00-04:00,2026-08-04 15:45:00-04:00,LONG,1183.8514966100574,1649.6837998674469,101649.68379986745,101792.31115748131,-142.62735761386284,-0.14011604215686416
2026-08-04 18:05:00-04:00,2026-08-04 18:05:00-04:00,LONG,-1000.0000000000001,649.6837998674467,100649.68379986745,101792.31115748131,-1142.6273576138628,-1.122508512304158
2026-08-04 18:40:00-04:00,2026-08-04 18:40:00-04:00,LONG,-400.07090761740795,249.61289225003878,100249.61289225004,101792.31115748131,-1542.6982652312727,-1.515535159472495
2026-08-04 20:00:00-04:00,2026-08-04 20:00:00-04:00,LONG,382.73888154973145,632.3517737997702,100632.35177379978,101792.31115748131,-1159.959383681533,-1.1395353642054338
2026-08-05 02:40:00-04:00,2026-08-05 02:40:00-04:00,LONG,403.89495426385827,1036.2467280636283,101036.24672806363,101792.31115748131,-756.0644294176745,-0.7427520024061336
2026-08-05 06:45:00-04:00,2026-08-05 06:45:00-04:00,LONG,270.02085103090167,1306.26757909453,101306.26757909454,101792.31115748131,-486.0435783867724,-0.47748555157061123
2026-08-05 09:45:00-04:00,2026-08-05 09:45:00-04:00,LONG,4064.3853931650438,5370.652972259573,105370.65297225957,105370.65297225957,0.0,0.0
2026-08-05 12:25:00-04:00,2026-08-05 12:25:00-04:00,SHORT,1267.6024564481604,6638.255428707734,106638.25542870774,106638.25542870774,0.0,0.0
2026-08-05 15:05:00-04:00,2026-08-05 15:05:00-04:00,SHORT,346.20954967194297,6984.464978379677,106984.46497837968,106984.46497837968,0.0,0.0
2026-08-05 21:30:00-04:00,2026-08-05 21:30:00-04:00,SHORT,2156.1980724494933,9140.663050829171,109140.66305082917,109140.66305082917,0.0,0.0
2026-08-06 01:00:00-04:00,2026-08-06 01:00:00-04:00,SHORT,183.60999357640804,9324.27304440558,109324.27304440558,109324.27304440558,0.0,0.0
2026-08-06 04:05:00-04:00,2026-08-06 04:05:00-04:00,SHORT,1576.5500222779565,10900.823066683537,110900.82306668354,110900.82306668354,0.0,0.0
2026-08-06 04:30:00-04:00,2026-08-06 04:30:00-04:00,SHORT,-1000.0,9900.823066683537,109900.82306668354,110900.82306668354,-1000.0,-0.9017065629880041
2026-08-06 05:55:00-04:00,2026-08-06 05:55:00-04:00,SHORT,-1000.0,8900.823066683537,108900.82306668354,110900.82306668354,-2000.0,-1.8034131259760082
2026-08-06 07:30:00-04:00,2026-08-06 07:30:00-04:00,SHORT,-1000.0000000000001,7900.823066683537,107900.82306668354,110900.82306668354,-3000.0,-2.705119688964013
2026-08-06 09:40:00-04:00,2026-08-06 09:40:00-04:00,SHORT,-1000.0,6900.823066683537,106900.82306668354,110900.82306668354,-4000.0,-3.6068262519520164
2026-08-06 11:15:00-04:00,2026-08-06 11:15:00-04:00,LONG,886.2075913268474,7787.030658010384,107787.03065801038,110900.82306668354,-3113.7924086731655,-2.807727050682819
2026-08-06 11:50:00-04:00,2026-08-06 11:50:00-04:00,SHORT,-1000.0,6787.030658010384,106787.03065801038,110900.82306668354,-4113.7924086731655,-3.7094336136708232
2026-08-06 13:00:00-04:00,2026-08-06 13:00:00-04:00,SHORT,-312.9604648749631,6474.0701931354215,106474.07019313543,110900.82306668354,-4426.752873548117,-3.9916321188043438
2026-08-06 14:15:00-04:00,2026-08-06 14:15:00-04:00,SHORT,-1000.0,5474.0701931354215,105474.07019313543,110900.82306668354,-5426.752873548117,-4.893338681792349
2026-08-06 14:40:00-04:00,2026-08-06 14:40:00-04:00,LONG,-999.9999999999999,4474.0701931354215,104474.07019313543,110900.82306668354,-6426.752873548117,-5.795045244780353
2026-08-06 15:25:00-04:00,2026-08-06 15:25:00-04:00,LONG,-1000.0,3474.0701931354215,103474.07019313543,110900.82306668354,-7426.752873548117,-6.696751807768357
2026-08-06 18:30:00-04:00,2026-08-06 18:30:00-04:00,LONG,1350.598431696091,4824.668624831513,104824.66862483151,110900.82306668354,-6076.154441852035,-5.478908337946694
2026-08-06 20:05:00-04:00,2026-08-06 20:05:00-04:00,LONG,1691.6470090123807,6516.315633843893,106516.31563384389,110900.82306668354,-4384.507432839659,-3.953539127661206
2026-08-06 21:30:00-04:00,2026-08-06 21:30:00-04:00,SHORT,1072.7506363209397,7589.0662701648325,107589.06627016483,110900.82306668354,-3311.756796518719,-2.9862328384410577
2026-08-06 23:00:00-04:00,2026-08-06 23:00:00-04:00,SHORT,-987.0562746513987,6602.009995513434,106602.00999551344,110900.82306668354,-4298.813071170109,-3.8762679593327056
2026-08-07 01:05:00-04:00,2026-08-07 01:05:00-04:00,SHORT,-1000.0,5602.009995513434,105602.00999551344,110900.82306668354,-5298.813071170109,-4.77797452232071
2026-08-07 08:20:00-04:00,2026-08-07 08:20:00-04:00,LONG,3730.9282224726294,9332.938217986062,109332.93821798605,110900.82306668354,-1567.8848486974894,-1.4137720580799802
2026-08-07 09:15:00-04:00,2026-08-07 09:15:00-04:00,LONG,-1000.0,8332.938217986062,108332.93821798605,110900.82306668354,-2567.8848486974894,-2.3154786210679843
2026-08-07 09:40:00-04:00,2026-08-07 09:40:00-04:00,LONG,-1000.0,7332.938217986062,107332.93821798605,110900.82306668354,-3567.8848486974894,-3.217185184055989
2026-08-07 10:25:00-04:00,2026-08-07 10:25:00-04:00,SHORT,-1000.0,6332.938217986062,106332.93821798605,110900.82306668354,-4567.884848697489,-4.1188917470439925
2026-08-07 12:20:00-04:00,2026-08-07 12:20:00-04:00,LONG,-359.48821333757155,5973.450004648491,105973.45000464849,110900.82306668354,-4927.373062035054,-4.443044628327307
2026-08-07 14:40:00-04:00,2026-08-07 14:40:00-04:00,LONG,-646.6939635950816,5326.75604105341,105326.7560410534,110900.82306668354,-5574.067025630138,-5.02617281954572
2026-08-09 20:20:00-04:00,2026-08-09 20:20:00-04:00,LONG,1763.0997426972203,7089.8557837506305,107089.85578375062,110900.82306668354,-3810.967282932921,-3.436374210353178
2026-08-10 03:10:00-04:00,2026-08-10 03:10:00-04:00,LONG,-468.11343363059837,6621.742350120032,106621.74235012004,110900.82306668354,-4279.080716563505,-3.8584751656807246
2026-08-10 06:30:00-04:00,2026-08-10 06:30:00-04:00,LONG,379.1784702549069,7000.920820374939,107000.92082037494,110900.82306668354,-3899.9022463086003,-3.516567450508125
2026-08-10 07:45:00-04:00,2026-08-10 07:45:00-04:00,LONG,-1000.0,6000.920820374939,106000.92082037494,110900.82306668354,-4899.9022463086,-4.41827401349613
2026-08-10 09:45:00-04:00,2026-08-10 09:45:00-04:00,SHORT,-483.57603564070894,5517.3447847342295,105517.34478473423,110900.82306668354,-5383.478281949312,-4.854317698537081
2026-08-10 10:55:00-04:00,2026-08-10 10:55:00-04:00,LONG,-526.1845692810688,4991.160215453161,104991.16021545316,110900.82306668354,-5909.662851230387,-5.328781778000842
2026-08-10 12:30:00-04:00,2026-08-10 12:30:00-04:00,LONG,-393.41648954028005,4597.743725912881,104597.74372591288,110900.82306668354,-6303.079340770666,-5.683528008607013
2026-08-10 20:15:00-04:00,2026-08-10 20:15:00-04:00,SHORT,-1000.0,3597.743725912881,103597.74372591288,110900.82306668354,-7303.079340770666,-6.5852345715950165
2026-08-11 02:15:00-04:00,2026-08-11 02:15:00-04:00,LONG,967.6489660638016,4565.392691976683,104565.39269197668,110900.82306668354,-6335.4303747068625,-5.712699148226729
2026-08-11 06:25:00-04:00,2026-08-11 06:25:00-04:00,SHORT,-1000.0,3565.3926919766827,103565.39269197668,110900.82306668354,-7335.4303747068625,-6.614405711214733
2026-08-11 07:35:00-04:00,2026-08-11 07:35:00-04:00,LONG,-1000.0,2565.3926919766827,102565.39269197668,110900.82306668354,-8335.430374706862,-7.516112274202737
2026-08-11 08:30:00-04:00,2026-08-11 08:30:00-04:00,LONG,-999.9999999999999,1565.3926919766827,101565.39269197668,110900.82306668354,-9335.430374706862,-8.417818837190742
2026-08-11 14:30:00-04:00,2026-08-11 14:30:00-04:00,SHORT,2186.7011810389,3752.0938730155826,103752.09387301558,110900.82306668354,-7148.7291936679685,-6.446056030954351
2026-08-12 02:00:00-04:00,2026-08-12 02:00:00-04:00,SHORT,-1000.0,2752.0938730155826,102752.09387301558,110900.82306668354,-8148.7291936679685,-7.347762593942356
2026-08-12 07:15:00-04:00,2026-08-12 07:15:00-04:00,LONG,76.5462668892981,2828.640139904881,102828.64013990488,110900.82306668354,-8072.182926778667,-7.2787403227160405
2026-08-12 08:30:00-04:00,2026-08-12 08:30:00-04:00,LONG,4523.992039506478,7352.632179411359,107352.63217941136,110900.82306668354,-3548.1908872721833,-3.1994270097875575
2026-08-12 09:35:00-04:00,2026-08-12 09:35:00-04:00,LONG,-999.9999999999999,6352.632179411359,106352.63217941136,110900.82306668354,-4548.190887272183,-4.101133572775561
2026-08-12 15:50:00-04:00,2026-08-12 15:50:00-04:00,LONG,184.26268145044614,6536.894860861806,106536.89486086181,110900.82306668354,-4363.928205821736,-3.934982703597926
2026-08-12 21:50:00-04:00,2026-08-12 21:50:00-04:00,SHORT,-71.33184173336113,6465.5630191284445,106465.56301912844,110900.82306668354,-4435.260047555101,-3.9993030934389227
2026-08-13 02:00:00-04:00,2026-08-13 02:00:00-04:00,LONG,-1000.0,5465.5630191284445,105465.56301912844,110900.82306668354,-5435.260047555101,-4.901009656426926
2026-08-13 05:30:00-04:00,2026-08-13 05:30:00-04:00,SHORT,650.0809880545639,6115.644007183008,106115.64400718301,110900.82306668354,-4785.17905950053,-4.314827363024394
2026-08-13 08:05:00-04:00,2026-08-13 08:05:00-04:00,LONG,-1000.0,5115.644007183008,105115.64400718301,110900.82306668354,-5785.17905950053,-5.2165339260123975
2026-08-13 08:50:00-04:00,2026-08-13 08:50:00-04:00,SHORT,-18.088196461423184,5097.555810721586,105097.55581072159,110900.82306668354,-5803.267255961953,-5.232844171474279
2026-08-13 11:25:00-04:00,2026-08-13 11:25:00-04:00,LONG,-609.2911449016517,4488.264665819934,104488.26466581994,110900.82306668354,-6412.558400863607,-5.782245995602576
2026-08-13 14:05:00-04:00,2026-08-13 14:05:00-04:00,LONG,1396.727581810544,5884.992247630478,105884.99224763048,110900.82306668354,-5015.830819053066,-4.5228075683776465
2026-08-13 15:55:00-04:00,2026-08-13 15:55:00-04:00,LONG,-1000.0,4884.992247630478,104884.99224763048,110900.82306668354,-6015.830819053066,-5.424514131365651
2026-08-13 20:15:00-04:00,2026-08-13 20:15:00-04:00,LONG,-1000.0,3884.9922476304782,103884.99224763048,110900.82306668354,-7015.830819053066,-6.326220694353656
2026-08-14 09:30:00-04:00,2026-08-14 09:30:00-04:00,LONG,-999.9999999999999,2884.9922476304782,102884.99224763048,110900.82306668354,-8015.830819053066,-7.22792725734166
2026-08-15 20:00:00-04:00,2026-08-15 20:00:00-04:00,SHORT,-1000.0,1884.9922476304782,101884.99224763048,110900.82306668354,-9015.830819053066,-8.129633820329664
2026-08-17 03:15:00-04:00,2026-08-17 03:15:00-04:00,LONG,-999.9999999999999,884.9922476304783,100884.99224763048,110900.82306668354,-10015.830819053066,-9.031340383317668
2026-08-17 06:25:00-04:00,2026-08-17 06:25:00-04:00,LONG,371.11493188739695,1256.1071795178752,101256.10717951787,110900.82306668354,-9644.715887165672,-8.696703613611959
2026-08-17 11:05:00-04:00,2026-08-17 11:05:00-04:00,SHORT,-1000.0,256.10717951787524,100256.10717951787,110900.82306668354,-10644.715887165672,-9.598410176599963
2026-08-18 00:05:00-04:00,2026-08-18 00:05:00-04:00,SHORT,1378.9284230927854,1635.0356026106606,101635.03560261066,110900.82306668354,-9265.787464072884,-8.355021367606497
2026-08-18 02:55:00-04:00,2026-08-18 02:55:00-04:00,SHORT,-1000.0000000000001,635.0356026106605,100635.03560261066,110900.82306668354,-10265.787464072884,-9.2567279305945
2026-08-18 08:00:00-04:00,2026-08-18 08:00:00-04:00,SHORT,-748.8756533365298,-113.84005072586933,99886.15994927414,110900.82306668354,-11014.663117409407,-9.931994022069974
2026-08-18 09:30:00-04:00,2026-08-18 09:30:00-04:00,SHORT,-150.5995680130862,-264.4396187389556,99735.56038126105,110900.82306668354,-11165.262685422495,-10.067790640930532
2026-08-18 10:20:00-04:00,2026-08-18 10:20:00-04:00,SHORT,201.50966350542137,-62.9299552335342,99937.07004476647,110900.82306668354,-10963.753021917073,-9.886088054842189
2026-08-18 12:45:00-04:00,2026-08-18 12:45:00-04:00,SHORT,-843.1653388236989,-906.0952940572331,99093.90470594277,110900.82306668354,-11806.918360740776,-10.646375774543525
2026-08-18 15:55:00-04:00,2026-08-18 15:55:00-04:00,SHORT,697.0631186109598,-209.0321754462733,99790.96782455372,110900.82306668354,-11109.855242129823,-10.017829385675144
2026-08-18 21:05:00-04:00,2026-08-18 21:05:00-04:00,SHORT,-1000.0,-1209.0321754462734,98790.96782455372,110900.82306668354,-12109.855242129823,-10.91953594866315
2026-08-19 02:20:00-04:00,2026-08-19 02:20:00-04:00,SHORT,-1000.0,-2209.0321754462734,97790.96782455372,110900.82306668354,-13109.855242129823,-11.821242511651153
2026-08-19 05:40:00-04:00,2026-08-19 05:40:00-04:00,LONG,-735.5909396726671,-2944.6231151189404,97055.37688488106,110900.82306668354,-13845.446181802487,-12.484529689628507
2026-08-19 07:00:00-04:00,2026-08-19 07:00:00-04:00,SHORT,417.2650720670118,-2527.3580430519287,97472.64195694806,110900.82306668354,-13428.18110973548,-12.108279035640026
2026-08-19 08:05:00-04:00,2026-08-19 08:05:00-04:00,SHORT,-724.383144803909,-3251.741187855838,96748.25881214417,110900.82306668354,-14152.564254539378,-12.761460071427589
2026-08-19 09:25:00-04:00,2026-08-19 09:25:00-04:00,LONG,850.9393667400528,-2400.801821115785,97599.19817888421,110900.82306668354,-13301.624887799335,-11.994162459733236
2026-08-19 10:25:00-04:00,2026-08-19 10:25:00-04:00,SHORT,-317.2132935786632,-2718.015114694448,97281.98488530554,110900.82306668354,-13618.838181378,-12.280195768420159
2026-08-19 12:50:00-04:00,2026-08-19 12:50:00-04:00,LONG,40.3862442825795,-2677.628870411869,97322.37112958814,110900.82306668354,-13578.451937095408,-12.243779226896107
2026-08-19 18:00:00-04:00,2026-08-19 18:00:00-04:00,SHORT,-570.1819158220201,-3247.810786233889,96752.1892137661,110900.82306668354,-14148.633852917439,-12.757916002489909
2026-08-19 20:00:00-04:00,2026-08-19 20:00:00-04:00,LONG,-1000.0000000000001,-4247.810786233889,95752.1892137661,110900.82306668354,-15148.633852917439,-13.659622565477914
2026-08-19 21:15:00-04:00,2026-08-19 21:15:00-04:00,LONG,269.8395548592117,-3977.9712313746777,96022.02876862533,110900.82306668354,-14878.794298058216,-13.416306467907587
2026-08-19 22:15:00-04:00,2026-08-19 22:15:00-04:00,LONG,70.48000307948709,-3907.4912282951905,96092.50877170482,110900.82306668354,-14808.314294978729,-13.3527541865714
2026-08-20 00:35:00-04:00,2026-08-20 00:35:00-04:00,LONG,-1000.0,-4907.49122829519,95092.50877170482,110900.82306668354,-15808.314294978729,-14.254460749559406
2026-08-20 03:50:00-04:00,2026-08-20 03:50:00-04:00,LONG,-132.58847223551848,-5040.079700530709,94959.92029946929,110900.82306668354,-15940.902767214255,-14.37401664515073
2026-08-20 05:00:00-04:00,2026-08-20 05:00:00-04:00,SHORT,155.8959974106886,-4884.18370312002,95115.81629687997,110900.82306668354,-15785.006769803571,-14.233444201141957
2026-08-20 08:50:00-04:00,2026-08-20 08:50:00-04:00,SHORT,-509.9220035018783,-5394.105706621898,94605.8942933781,110900.82306668354,-16294.928773305437,-14.693244218311582
2026-08-20 10:20:00-04:00,2026-08-20 10:20:00-04:00,SHORT,26.928921154778074,-5367.17678546712,94632.82321453288,110900.82306668354,-16267.999852150664,-14.668962233372138
2026-08-20 12:20:00-04:00,2026-08-20 12:20:00-04:00,SHORT,-1000.0,-6367.17678546712,93632.82321453288,110900.82306668354,-17267.999852150664,-15.57066879636014
2026-08-20 15:35:00-04:00,2026-08-20 15:35:00-04:00,SHORT,-1000.0000000000001,-7367.17678546712,92632.82321453288,110900.82306668354,-18267.999852150664,-16.472375359348145
2026-08-20 21:25:00-04:00,2026-08-20 21:25:00-04:00,SHORT,-124.35177182367266,-7491.528557290792,92508.47144270921,110900.82306668354,-18392.351623974333,-16.584504168120734
2026-08-21 02:35:00-04:00,2026-08-21 02:35:00-04:00,SHORT,-1000.0,-8491.528557290792,91508.47144270921,110900.82306668354,-19392.351623974333,-17.486210731108738
2026-08-21 07:00:00-04:00,2026-08-21 07:00:00-04:00,LONG,-676.8179814897326,-9168.346538780524,90831.65346121948,110900.82306668354,-20069.169605464063,-18.096501946966324
2026-08-21 08:55:00-04:00,2026-08-21 08:55:00-04:00,LONG,752.1151905612473,-8416.231348219277,91583.76865178073,110900.82306668354,-19317.054414902814,-17.41831474351427
2026-08-21 10:20:00-04:00,2026-08-21 10:20:00-04:00,SHORT,519.5155935528119,-7896.715754666465,92103.28424533353,110900.82306668354,-18797.538821350012,-16.949864123233098
2026-08-21 15:45:00-04:00,2026-08-21 15:45:00-04:00,SHORT,196.09430662602344,-7700.6214480404415,92299.37855195955,110900.82306668354,-18601.44451472399,-16.773044599983834
2026-08-23 19:30:00-04:00,2026-08-23 19:30:00-04:00,SHORT,-1000.0000000000001,-8700.621448040441,91299.37855195955,110900.82306668354,-19601.44451472399,-17.674751162971837
2026-08-23 20:15:00-04:00,2026-08-23 20:15:00-04:00,LONG,-865.9956512590301,-9566.617099299472,90433.38290070053,110900.82306668354,-20467.44016598302,-18.455625125231176
2026-08-23 22:15:00-04:00,2026-08-23 22:15:00-04:00,SHORT,1899.863372423797,-7666.753726875675,92333.24627312433,110900.82306668354,-18567.576793559216,-16.74250585353611
2026-08-24 02:00:00-04:00,2026-08-24 02:00:00-04:00,SHORT,2293.1435376846784,-5373.610189190997,94626.389810809,110900.82306668354,-16274.433255874537,-14.674763275732305
2026-08-24 05:00:00-04:00,2026-08-24 05:00:00-04:00,SHORT,-977.2029293646003,-6350.813118555597,93649.1868814444,110900.82306668354,-17251.636185239142,-15.555913570511471
2026-08-24 06:20:00-04:00,2026-08-24 06:20:00-04:00,SHORT,-5.473912614516048,-6356.287031170113,93643.71296882989,110900.82306668354,-17257.110097853656,-15.5608494334412
2026-08-24 07:35:00-04:00,2026-08-24 07:35:00-04:00,SHORT,-1000.0,-7356.287031170113,92643.71296882989,110900.82306668354,-18257.110097853656,-16.462555996429206
2026-08-24 09:45:00-04:00,2026-08-24 09:45:00-04:00,SHORT,11034.23640749647,3677.949376326357,103677.94937632636,110900.82306668354,-7222.873690357184,-6.512912610228459
2026-08-24 11:25:00-04:00,2026-08-24 11:25:00-04:00,SHORT,-788.181409532119,2889.7679667942384,102889.76796679424,110900.82306668354,-8011.055099889301,-7.223620960028705
2026-08-24 14:20:00-04:00,2026-08-24 14:20:00-04:00,SHORT,-808.8765936973919,2080.8913730968466,102080.89137309685,110900.82306668354,-8819.931693586695,-7.952990293213026
2026-08-24 14:55:00-04:00,2026-08-24 14:55:00-04:00,LONG,-971.3188621581402,1109.5725109387063,101109.57251093871,110900.82306668354,-9791.250555744831,-8.828834885975057
2026-08-24 20:40:00-04:00,2026-08-24 20:40:00-04:00,SHORT,-1000.0,109.57251093870627,100109.57251093871,110900.82306668354,-10791.250555744831,-9.730541448963063
2026-08-24 23:15:00-04:00,2026-08-24 23:15:00-04:00,SHORT,-1000.0,-890.4274890612937,99109.57251093871,110900.82306668354,-11791.250555744831,-10.632248011951067
2026-08-25 03:15:00-04:00,2026-08-25 03:15:00-04:00,LONG,-1000.0000000000001,-1890.4274890612937,98109.57251093871,110900.82306668354,-12791.250555744831,-11.53395457493907
2026-08-25 07:25:00-04:00,2026-08-25 07:25:00-04:00,LONG,311.6053527300259,-1578.8221363312678,98421.17786366874,110900.82306668354,-12479.645203014807,-11.252977983320216
2026-08-25 08:20:00-04:00,2026-08-25 08:20:00-04:00,LONG,945.9830624860082,-632.8390738452596,99367.16092615474,110900.82306668354,-11533.662140528802,-10.399978847401096
2026-08-25 09:40:00-04:00,2026-08-25 09:40:00-04:00,LONG,-1000.0,-1632.8390738452595,98367.16092615474,110900.82306668354,-12533.662140528802,-11.3016854103891
2026-08-25 11:20:00-04:00,2026-08-25 11:20:00-04:00,SHORT,-289.8735975003588,-1922.7126713456182,98077.28732865438,110900.82306668354,-12823.535738029168,-11.56306633569212
2026-08-25 12:40:00-04:00,2026-08-25 12:40:00-04:00,LONG,1297.9361694436764,-624.7765019019419,99375.22349809806,110900.82306668354,-11525.599568585487,-10.392708773365245
2026-08-25 14:20:00-04:00,2026-08-25 14:20:00-04:00,SHORT,1327.9063386076111,703.1298367056693,100703.12983670567,110900.82306668354,-10197.693229977871,-9.195326912809385
2026-08-25 16:00:00-04:00,2026-08-25 16:00:00-04:00,LONG,2255.794219039437,2958.924055745106,102958.92405574511,110900.82306668354,-7941.899010938432,-7.161262460751123
2026-08-25 19:20:00-04:00,2026-08-25 19:20:00-04:00,LONG,-668.4954156019467,2290.4286401431596,102290.42864014316,110900.82306668354,-8610.394426540384,-7.7640491643267975
2026-08-25 23:00:00-04:00,2026-08-25 23:00:00-04:00,SHORT,-1000.0,1290.4286401431596,101290.42864014316,110900.82306668354,-9610.394426540384,-8.665755727314801
2026-08-26 01:15:00-04:00,2026-08-26 01:15:00-04:00,LONG,184.16720897285728,1474.5958491160168,101474.59584911601,110900.82306668354,-9426.227217567532,-8.499690946296798
2026-08-26 03:20:00-04:00,2026-08-26 03:20:00-04:00,LONG,203.72797437067172,1678.3238234866885,101678.32382348669,110900.82306668354,-9222.499243196857,-8.315988094742508
2026-08-26 04:25:00-04:00,2026-08-26 04:25:00-04:00,SHORT,219.1405059432806,1897.4643294299692,101897.46432942997,110900.82306668354,-9003.35873725357,-8.118387662316934
2026-08-26 06:00:00-04:00,2026-08-26 06:00:00-04:00,LONG,1022.7204783254824,2920.1848077554514,102920.18480775545,110900.82306668354,-7980.638258928098,-7.1961938949086255
2026-08-26 06:40:00-04:00,2026-08-26 06:40:00-04:00,SHORT,-1000.0,1920.1848077554514,101920.18480775545,110900.82306668354,-8980.638258928098,-8.09790045789663
2026-08-26 07:25:00-04:00,2026-08-26 07:25:00-04:00,LONG,-150.03410973596218,1770.1506980194893,101770.15069801948,110900.82306668354,-9130.672368664062,-8.23318719931761
2026-08-26 09:00:00-04:00,2026-08-26 09:00:00-04:00,SHORT,5065.620205358256,6835.770903377745,106835.77090337775,110900.82306668354,-4065.0521633057942,-3.6654842145414186
2026-08-26 10:25:00-04:00,2026-08-26 10:25:00-04:00,LONG,-1000.0,5835.770903377745,105835.77090337775,110900.82306668354,-5065.052163305794,-4.567190777529424
2026-08-26 10:50:00-04:00,2026-08-26 10:50:00-04:00,SHORT,-735.3278688524016,5100.443034525343,105100.44303452535,110900.82306668354,-5800.380032158195,-5.230240742821615
2026-08-26 11:55:00-04:00,2026-08-26 11:55:00-04:00,LONG,-1000.0,4100.443034525343,104100.44303452535,110900.82306668354,-6800.380032158195,-6.13194730580962
2026-08-26 13:55:00-04:00,2026-08-26 13:55:00-04:00,SHORT,-771.2719184814503,3329.1711160438927,103329.17111604389,110900.82306668354,-7571.651950639658,-6.827408256552705
2026-08-26 15:55:00-04:00,2026-08-26 15:55:00-04:00,LONG,-999.9999999999999,2329.1711160438927,102329.17111604389,110900.82306668354,-8571.651950639658,-7.729114819540708
2026-08-26 20:00:00-04:00,2026-08-26 20:00:00-04:00,LONG,1585.6801210407998,3914.8512370846925,103914.85123708469,110900.82306668354,-6985.971829598857,-6.299296647598605
2026-08-27 01:40:00-04:00,2026-08-27 01:40:00-04:00,LONG,-994.3336297801607,2920.517607304532,102920.51760730453,110900.82306668354,-7980.305459379015,-7.195893807371058
2026-08-27 02:35:00-04:00,2026-08-27 02:35:00-04:00,SHORT,-1000.0,1920.5176073045318,101920.51760730453,110900.82306668354,-8980.305459379015,-8.097600370359062
2026-08-27 06:35:00-04:00,2026-08-27 06:35:00-04:00,LONG,-657.3190640305055,1263.1985432740262,101263.19854327403,110900.82306668354,-9637.624523409511,-8.690309284372493
2026-08-27 09:25:00-04:00,2026-08-27 09:25:00-04:00,LONG,-253.46386136654885,1009.7346819074774,101009.73468190747,110900.82306668354,-9891.08838477607,-8.918859311647001
2026-08-27 09:45:00-04:00,2026-08-27 09:45:00-04:00,SHORT,-1000.0,9.734681907477352,100009.73468190747,110900.82306668354,-10891.08838477607,-9.820565874635005
2026-08-27 10:35:00-04:00,2026-08-27 10:35:00-04:00,LONG,1339.8786431911421,1349.6133250986195,101349.61332509862,110900.82306668354,-9551.209741584928,-8.61238850846209
2026-08-27 11:40:00-04:00,2026-08-27 11:40:00-04:00,LONG,-1000.0,349.6133250986195,100349.61332509862,110900.82306668354,-10551.209741584928,-9.514095071450093
2026-08-27 13:35:00-04:00,2026-08-27 13:35:00-04:00,LONG,1218.059272475046,1567.6725975736656,101567.67259757366,110900.82306668354,-9333.150469109882,-8.41576303135095
2026-08-27 15:00:00-04:00,2026-08-27 15:00:00-04:00,SHORT,-698.7394232428823,868.9331743307833,100868.93317433078,110900.82306668354,-10031.88989235276,-9.045820955107507
2026-08-27 18:10:00-04:00,2026-08-27 18:10:00-04:00,LONG,-1000.0,-131.06682566921666,99868.93317433078,110900.82306668354,-11031.88989235276,-9.947527518095512
2026-08-28 00:00:00-04:00,2026-08-28 00:00:00-04:00,LONG,827.1290605793624,696.0622349101458,100696.06223491015,110900.82306668354,-10204.760831773398,-9.201699815732997
2026-08-28 04:00:00-04:00,2026-08-28 04:00:00-04:00,LONG,-953.1154990879122,-257.05326417776644,99742.94673582223,110900.82306668354,-11157.876330861312,-10.061130316546157
2026-08-28 06:40:00-04:00,2026-08-28 06:40:00-04:00,LONG,448.7024569882329,191.64919281046645,100191.64919281047,110900.82306668354,-10709.173873873078,-9.656532366251025
2026-08-28 09:25:00-04:00,2026-08-28 09:25:00-04:00,LONG,1273.258220280663,1464.9074130911295,101464.90741309113,110900.82306668354,-9435.915653592412,-8.508427072645523
2026-08-28 09:40:00-04:00,2026-08-28 09:40:00-04:00,SHORT,-1000.0,464.90741309112946,100464.90741309113,110900.82306668354,-10435.915653592412,-9.410133635633526
2026-08-28 10:10:00-04:00,2026-08-28 10:10:00-04:00,LONG,-1000.0,-535.0925869088705,99464.90741309113,110900.82306668354,-11435.915653592412,-10.31184019862153
2026-08-28 11:35:00-04:00,2026-08-28 11:35:00-04:00,LONG,-231.67426033795715,-766.7668472468276,99233.23315275318,110900.82306668354,-11667.589913930366,-10.520742399643654
2026-08-28 13:45:00-04:00,2026-08-28 13:45:00-04:00,SHORT,172.30225967752108,-594.4645875693066,99405.53541243069,110900.82306668354,-11495.287654252854,-10.365376321274779
2026-08-28 15:40:00-04:00,2026-08-28 15:40:00-04:00,SHORT,-992.1436933884602,-1586.6082809577667,98413.39171904224,110900.82306668354,-12487.431347641308,-11.259998801030306
2026-08-30 19:50:00-04:00,2026-08-30 19:50:00-04:00,SHORT,9550.492688133512,7963.884407175746,107963.88440717575,110900.82306668354,-2936.938659507796,-2.6482568643713713
2026-08-30 20:20:00-04:00,2026-08-30 20:20:00-04:00,SHORT,-1000.0,6963.884407175746,106963.88440717575,110900.82306668354,-3936.938659507796,-3.5499634273593754
2026-08-31 00:50:00-04:00,2026-08-31 00:50:00-04:00,SHORT,-558.5063981541351,6405.3780090216105,106405.37800902162,110900.82306668354,-4495.445057661927,-4.053572312045747
2026-08-31 04:00:00-04:00,2026-08-31 04:00:00-04:00,LONG,2278.6690874062965,8684.047096427907,108684.04709642791,110900.82306668354,-2216.775970255636,-1.9988814410536078
2026-08-31 04:20:00-04:00,2026-08-31 04:20:00-04:00,LONG,-1000.0,7684.047096427907,107684.04709642791,110900.82306668354,-3216.775970255636,-2.900588004041612
2026-08-31 09:40:00-04:00,2026-08-31 09:40:00-04:00,LONG,-1000.0,6684.047096427907,106684.04709642791,110900.82306668354,-4216.775970255636,-3.802294567029616
2026-08-31 10:35:00-04:00,2026-08-31 10:35:00-04:00,SHORT,-217.41750791021633,6466.6295885176905,106466.6295885177,110900.82306668354,-4434.193478165849,-3.9983413608207523
2026-08-31 12:25:00-04:00,2026-08-31 12:25:00-04:00,SHORT,-1000.0,5466.6295885176905,105466.6295885177,110900.82306668354,-5434.193478165849,-4.900047923808756
2026-08-31 13:40:00-04:00,2026-08-31 13:40:00-04:00,SHORT,-999.9999999999999,4466.6295885176905,104466.6295885177,110900.82306668354,-6434.193478165849,-5.80175448679676
2026-08-31 14:40:00-04:00,2026-08-31 14:40:00-04:00,LONG,-1000.0,3466.6295885176905,103466.6295885177,110900.82306668354,-7434.193478165849,-6.703461049784765
2026-08-31 23:25:00-04:00,2026-08-31 23:25:00-04:00,LONG,346.8646864687224,3813.494274986413,103813.49427498641,110900.82306668354,-7087.328791697131,-6.390690885527145
2026-09-01 03:45:00-04:00,2026-09-01 03:45:00-04:00,LONG,-1000.0,2813.494274986413,102813.49427498641,110900.82306668354,-8087.328791697131,-7.292397448515149
2026-09-01 07:35:00-04:00,2026-09-01 07:35:00-04:00,SHORT,545.7022996601135,3359.1965746465266,103359.19657464653,110900.82306668354,-7541.626492037016,-6.800334103473977
2026-09-01 09:45:00-04:00,2026-09-01 09:45:00-04:00,SHORT,132.44837758105515,3491.6449522275816,103491.64495222758,110900.82306668354,-7409.1781144559645,-6.680904532152029
2026-09-01 11:35:00-04:00,2026-09-01 11:35:00-04:00,SHORT,-1000.0,2491.6449522275816,102491.64495222758,110900.82306668354,-8409.178114455965,-7.582611095140034
2026-09-01 12:15:00-04:00,2026-09-01 12:15:00-04:00,LONG,-999.9999999999999,1491.6449522275816,101491.64495222758,110900.82306668354,-9409.178114455965,-8.484317658128038
2026-09-01 14:55:00-04:00,2026-09-01 14:55:00-04:00,SHORT,2405.0615532469233,3896.706505474505,103896.7065054745,110900.82306668354,-7004.116561209041,-6.315657871175164
