ftmo_day,pnl,equity_start,equity_end,pct
2024-01-02,-531.5050000000247,100000.0,99468.49499999998,-0.5315050000000247
2024-01-03,4962.363729425943,99468.49499999998,104430.85872942592,4.98887987540773
2024-01-04,-2109.5854643494495,104430.85872942592,102321.27326507647,-2.0200786338598045
2024-01-05,-540.1996000000006,102321.27326507647,101781.07366507647,-0.527944563981865
2024-01-08,-535.4999999999975,101781.07366507647,101245.57366507647,-0.5261292504755138
2024-01-09,-1278.7861550138114,101245.57366507647,99966.78751006266,-1.2630538884041251
2024-01-10,3893.420177927077,99966.78751006266,103860.20768798974,3.8947137093258757
2024-01-11,-3061.934477086542,103860.20768798974,100798.2732109032,-2.9481305162464255
2024-01-12,1384.5568698227098,100798.2732109032,102182.83008072591,1.3735918540248808
2024-01-15,-1206.6420000000564,102182.83008072591,100976.18808072584,-1.1808657081104446
2024-01-16,1893.0796085775537,100976.18808072584,102869.26768930341,1.874778246792326
2024-01-17,-1574.6468699138761,102869.26768930341,101294.62081938953,-1.5307262365955498
2024-01-18,1452.330068625498,101294.62081938953,102746.95088801502,1.4337682069169628
2024-01-19,-606.1459012363647,102746.95088801502,102140.80498677866,-0.5899405247529044
2024-01-21,-436.3609999999981,102140.80498677866,101704.44398677866,-0.4272151566227442
2024-01-22,1462.9825107299753,101704.44398677866,103167.42649750864,1.438464685889399
2024-01-23,764.3292506142934,103167.42649750864,103931.75574812293,0.7408629608811178
2024-01-24,-2486.5151047265695,103931.75574812293,101445.24064339636,-2.392449821354507
2024-01-25,588.8222448799038,101445.24064339636,102034.06288827627,0.5804335828328814
2024-01-26,-2625.88709349272,102034.06288827627,99408.17579478354,-2.573539677987707
2024-01-27,-696.5242000000028,99408.17579478354,98711.65159478354,-0.7006709402231611
2024-01-28,1429.3439999999803,98711.65159478354,100140.99559478353,1.447999275574389
2024-01-29,368.9371030684806,100140.99559478353,100509.932697852,0.3684176504109961
2024-01-30,2401.8345599999916,100509.932697852,102911.767257852,2.3896489585962297
2024-01-31,-566.5800000000155,102911.767257852,102345.18725785198,-0.5505492861476309
2024-02-01,-653.6728305841523,102345.18725785198,101691.51442726783,-0.6386942543153167
2024-02-02,-1982.6127223312444,101691.51442726783,99708.90170493658,-1.9496343755891803
2024-02-05,-253.90707051725667,99708.90170493658,99454.99463441933,-0.2546483475152808
2024-02-06,-3568.3198087360447,99454.99463441933,95886.67482568328,-3.5878739140780396
2024-02-07,-536.557999999985,95886.67482568328,95350.11682568329,-0.5595751453217228
2024-02-08,-661.4808704735947,95350.11682568329,94688.6359552097,-0.6937389197780403
2024-02-09,2319.4003369879833,94688.6359552097,97008.03629219768,2.4495023226283696
2024-02-12,1023.2349032626295,97008.03629219768,98031.27119546031,1.0547939556064674
2024-02-13,1720.838972751798,98031.27119546031,99752.11016821211,1.7553979987882558
2024-02-14,-2575.1279185877074,99752.11016821211,97176.9822496244,-2.581527262175473
2024-02-15,920.16,97176.9822496244,98097.1422496244,0.946890898130927
2024-02-16,1787.4878000000203,98097.1422496244,99884.63004962442,1.8221609304901687
2024-02-19,-556.3349999999423,99884.63004962442,99328.29504962449,-0.5569775847630866
2024-02-20,-114.62720001193259,99328.29504962449,99213.66784961255,-0.11540236339973896
2024-02-21,1957.9110748828768,99213.66784961255,101171.57892449542,1.973428779843787
2024-02-22,1437.4471713474222,101171.57892449542,102609.02609584284,1.4208013620309239
2024-02-23,-1605.4885570764166,102609.02609584284,101003.53753876642,-1.5646660124975713
2024-02-25,-854.8856000000009,101003.53753876642,100148.65193876643,-0.8463917411525166
2024-02-26,-3223.2114144323195,100148.65193876643,96925.44052433412,-3.218427160061103
2024-02-27,2832.162683328207,96925.44052433412,99757.60320766232,2.9220013527997986
2024-02-28,-98.4688718405622,99757.60320766232,99659.13433582176,-0.09870813719890864
2024-02-29,11976.91829479003,99659.13433582176,111636.05263061178,12.01788313194791
2024-03-01,3333.846384935138,111636.05263061178,114969.89901554692,2.986352801246362
2024-03-04,2420.4083782508287,114969.89901554692,117390.30739379776,2.105253982978211
2024-03-05,5347.828000000054,117390.30739379776,122738.1353937978,4.555595873908244
2024-03-06,-2850.0328169403065,122738.1353937978,119888.10257685749,-2.3220434364561187
2024-03-07,-627.299999999997,119888.10257685749,119260.8025768575,-0.5232379081134005
2024-03-08,497.0430521275805,119260.8025768575,119757.84562898509,0.4167698366839864
2024-03-10,120.73730000001217,119757.84562898509,119878.5829289851,0.1008178623837819
2024-03-11,-1605.2675999999424,119878.5829289851,118273.31532898516,-1.3390778909614633
2024-03-12,-1320.7439488462178,118273.31532898516,116952.57138013894,-1.1166880248283222
2024-03-13,1124.5500000000475,116952.57138013894,118077.12138013898,0.9615436298060056
2024-03-14,1136.0849999999855,118077.12138013898,119213.20638013896,0.9621550616418392
2024-03-15,896.0660000000357,119213.20638013896,120109.27238013901,0.7516499448414476
2024-03-17,-894.8784999999986,120109.27238013901,119214.393880139,-0.7450536351329804
2024-03-18,1150.305000000048,119214.393880139,120364.69888013905,0.9649044570545668
2024-03-19,-74.01046849188356,120364.69888013905,120290.68841164716,-0.061488517132073976
2024-03-20,-1052.603580745159,120290.68841164716,119238.08483090201,-0.8750499266768188
2024-03-21,-1094.1424897200754,119238.08483090201,118143.94234118193,-0.9176115930340027
2024-03-22,-1834.923456217497,118143.94234118193,116309.01888496443,-1.553125297713965
2024-03-25,-2973.4596753358173,116309.01888496443,113335.55920962861,-2.5565168581438393
2024-03-26,943.3144920252587,113335.55920962861,114278.87370165388,0.8323199696579587
2024-03-27,-614.2499999999319,114278.87370165388,113664.62370165394,-0.5375009221770465
2024-03-28,-67.27691996879821,113664.62370165394,113597.34678168515,-0.05918896995197571
2024-03-29,-626.8420000000019,113597.34678168515,112970.50478168514,-0.5518104231824058
2024-04-01,-2657.250848449655,112970.50478168514,110313.2539332355,-2.3521633842256238
2024-04-02,-579.8639999999748,110313.2539332355,109733.38993323552,-0.525652158126823
2024-04-03,-459.99054139372197,109733.38993323552,109273.3993918418,-0.4191892200483294
2024-04-04,1430.2052167049192,109273.3993918418,110703.60460854671,1.3088319981483951
2024-04-05,329.3450000000199,110703.60460854671,111032.94960854674,0.29750160454539826
2024-04-08,-2257.768365960541,111032.94960854674,108775.18124258619,-2.0334219471971493
2024-04-09,364.9729591336493,108775.18124258619,109140.15420171984,0.3355296263029898
2024-04-10,806.7594000000138,109140.15420171984,109946.91360171986,0.7391957670399744
2024-04-11,682.0471231871438,109946.91360171986,110628.960724907,0.6203422186618568
2024-04-12,-575.1199999999919,110628.960724907,110053.840724907,-0.5198638731047118
2024-04-15,-5715.438641297185,110053.840724907,104338.40208360982,-5.193311386181988
2024-04-16,-2889.618670669683,104338.40208360982,101448.78341294013,-2.769468012701724
2024-04-17,-3099.1594283663744,101448.78341294013,98349.62398457376,-3.054900536117288
2024-04-18,-49.358918538790476,98349.62398457376,98300.26506603498,-0.05018719598412748
2024-04-19,-1501.8311512445812,98300.26506603498,96798.4339147904,-1.5277996964053953
2024-04-21,-794.1794999999987,96798.4339147904,96004.2544147904,-0.8204466414189078
2024-04-22,-46.21576212321099,96004.2544147904,95958.03865266718,-0.048139285498259125
2024-04-23,-490.1400000000082,95958.03865266718,95467.89865266718,-0.5107857631127026
2024-04-24,-1468.6203075316052,95467.89865266718,93999.27834513556,-1.5383394085950952
2024-04-25,-47.43792823408057,93999.27834513556,93951.84041690148,-0.05046626853868339
2024-04-26,-1198.5823484275838,93951.84041690148,92753.25806847391,-1.2757412128479866
2024-04-29,1336.2969061688593,92753.25806847391,94089.55497464276,1.4407007732088022
2024-04-30,-1022.2082869582598,94089.55497464276,93067.3466876845,-1.086420577962927
2024-05-01,2860.921869448679,93067.3466876845,95928.26855713318,3.0740339885796506
2024-05-02,-43.420143978807914,95928.26855713318,95884.84841315438,-0.04526313737534796
2024-05-03,-1424.1913000000231,95884.84841315438,94460.65711315435,-1.4853142321958757
2024-05-05,1182.4295999999983,94460.65711315435,95643.08671315435,1.2517693991727867
2024-05-06,1125.0885000000085,95643.08671315435,96768.17521315436,1.1763406417175666
2024-05-07,946.9020564336985,96768.17521315436,97715.07726958806,0.9785263123417662
2024-05-08,-2964.2123937814017,97715.07726958806,94750.86487580666,-3.033526121668386
2024-05-09,-3194.6829522899625,94750.86487580666,91556.18192351669,-3.371666270780058
2024-05-10,-336.8049640387917,91556.18192351669,91219.3769594779,-0.36786698283262675
2024-05-11,-759.2879999999941,91219.3769594779,90460.0889594779,-0.8323757794764266
2024-05-13,2671.9245983779138,90460.0889594779,93132.01355785583,2.953705472890721
2024-05-14,3211.163384016566,93132.01355785583,96343.17694187239,3.4479694589892174
2024-05-15,696.9222999999906,96343.17694187239,97040.09924187238,0.7233748378678349
2024-05-16,5009.605469186038,97040.09924187238,102049.70471105841,5.162407611207817
2024-05-17,1445.862843766628,102049.70471105841,103495.56755482504,1.4168221729405455
2024-05-18,1620.7949999999998,103495.56755482504,105116.36255482504,1.5660525743205485
2024-05-20,-535.1500000000102,105116.36255482504,104581.21255482503,-0.5091024717687455
2024-05-21,-1091.039196990838,104581.21255482503,103490.1733578342,-1.0432458855063265
2024-05-22,-974.4139000000114,103490.1733578342,102515.75945783418,-0.94155209947404
2024-05-23,-1358.8198000000043,102515.75945783418,101156.93965783418,-1.3254740609505034
2024-05-24,1310.91773378798,101156.93965783418,102467.85739162216,1.2959246673754576
2024-05-27,3004.1406212912775,102467.85739162216,105471.99801291343,2.9317882678172382
2024-05-28,645.6227381755477,105471.99801291343,106117.62075108898,0.6121271525514299
2024-05-29,-1646.9655932735322,106117.62075108898,104470.65515781545,-1.5520189593551843
2024-05-30,1270.0132553829667,104470.65515781545,105740.66841319842,1.2156650625617877
2024-05-31,-1141.5521671945462,105740.66841319842,104599.11624600388,-1.0795772187988733
2024-06-03,-2451.0310009306195,104599.11624600388,102148.08524507325,-2.343261672657066
2024-06-04,3029.665198614977,102148.08524507325,105177.75044368823,2.9659539788202753
2024-06-05,-439.4856999999751,105177.75044368823,104738.26474368825,-0.41785044664486726
2024-06-06,-3739.0346837509505,104738.26474368825,100999.23005993731,-3.569884122962112
2024-06-07,-1069.4445948974828,100999.23005993731,99929.78546503982,-1.0588641064519284
2024-06-09,-116.33440000001008,99929.78546503982,99813.45106503982,-0.11641614105206838
2024-06-10,-886.9002149857474,99813.45106503982,98926.55085005406,-0.8885578101170263
2024-06-11,2613.5979443104143,98926.55085005406,101540.14879436448,2.641958020220399
2024-06-12,-529.4050000000123,101540.14879436448,101010.74379436446,-0.52137504847678
2024-06-13,-3126.1063672425457,101010.74379436446,97884.63742712192,-3.0948256094486415
2024-06-14,3237.486952309047,97884.63742712192,101122.12437943097,3.3074515443952626
2024-06-17,-1864.863958882689,101122.12437943097,99257.26042054828,-1.8441700768521603
2024-06-18,3389.432202758439,99257.26042054828,102646.69262330672,3.4147952385524003
2024-06-19,-1665.1516795797302,102646.69262330672,100981.54094372698,-1.6222165926870251
2024-06-20,-313.9604652564583,100981.54094372698,100667.58047847053,-0.3109087683970044
2024-06-21,-1562.0134926183068,100667.58047847053,99105.56698585223,-1.5516549470982566
2024-06-22,552.8418000000007,99105.56698585223,99658.40878585223,0.5578312266544234
2024-06-24,1430.8689942605197,99658.40878585223,101089.27778011275,1.4357734702900953
2024-06-25,1447.1361696551435,101089.27778011275,102536.41394976788,1.4315426931854467
2024-06-26,4364.869943651914,102536.41394976788,106901.28389341981,4.25689740406783
2024-06-27,-62.99471175710937,106901.28389341981,106838.2891816627,-0.05892792814342143
2024-06-28,-4181.219218422181,106838.2891816627,102657.06996324052,-3.91359619332039
2024-07-01,2753.89427147033,102657.06996324052,105410.96423471085,2.682615305946727
2024-07-02,-3195.294900000008,105410.96423471085,102215.66933471084,-3.0312737609394027
2024-07-03,608.8952085858782,102215.66933471084,102824.56454329671,0.5956965429556766
2024-07-04,2139.855599999994,102824.56454329671,104964.42014329671,2.0810743128398634
2024-07-05,2947.647999562827,104964.42014329671,107912.06814285953,2.8082353958976936
2024-07-08,-2534.91628198232,107912.06814285953,105377.15186087722,-2.3490572700603494
2024-07-09,-1509.6390348290834,105377.15186087722,103867.51282604813,-1.4326056532844655
2024-07-10,-1154.1507704747441,103867.51282604813,102713.36205557338,-1.1111759000214585
2024-07-11,-3659.4418716955406,102713.36205557338,99053.92018387784,-3.562770995379928
2024-07-12,-523.7300000000604,99053.92018387784,98530.19018387778,-0.5287322288990067
2024-07-14,-196.92059999999466,98530.19018387778,98333.26958387779,-0.19985813447888404
2024-07-15,-48.52499999999259,98333.26958387779,98284.7445838778,-0.04934748961906632
2024-07-16,862.8065388648436,98284.7445838778,99147.55112274265,0.8778641512656223
2024-07-17,5553.918800000003,99147.55112274265,104701.46992274265,5.601670174510276
2024-07-18,1514.3647918385172,104701.46992274265,106215.83471458116,1.446364404392737
2024-07-19,3687.5454812737617,106215.83471458116,109903.38019585493,3.4717474011128213
2024-07-21,936.3536000000047,109903.38019585493,110839.73379585493,0.851978891214594
2024-07-22,2145.268880692903,110839.73379585493,112985.00267654783,1.9354691744785928
2024-07-23,2647.786309312028,112985.00267654783,115632.78898585986,2.343484751593165
2024-07-24,-1545.2648000000354,115632.78898585986,114087.52418585983,-1.336355209930116
2024-07-25,-3390.1960613649517,114087.52418585983,110697.32812449487,-2.9715747497877048
2024-07-26,468.0872202763271,110697.32812449487,111165.4153447712,0.42285322347608656
2024-07-27,1564.3277999999984,111165.4153447712,112729.7431447712,1.4072072641912532
2024-07-29,722.9642620284369,112729.7431447712,113452.70740679963,0.6413252100645548
2024-07-30,-2904.7477130360103,113452.70740679963,110547.95969376362,-2.5603159055699347
2024-07-31,-1237.8376000000055,110547.95969376362,109310.12209376362,-1.119729032927449
2024-08-01,405.88575280014925,109310.12209376362,109716.00784656376,0.37131579859730657
2024-08-02,-4483.618802609165,109716.00784656376,105232.38904395461,-4.086567576245975
2024-08-04,1588.9445999999969,105232.38904395461,106821.3336439546,1.509938731255364
2024-08-05,9715.478,106821.3336439546,116536.8116439546,9.095072743037068
2024-08-06,-1880.1674353505314,116536.8116439546,114656.64420860408,-1.6133678353024223
2024-08-07,-44.176432368914675,114656.64420860408,114612.46777623516,-0.038529326123081825
2024-08-08,181.83759999999427,114612.46777623516,114794.30537623515,0.15865429261588432
2024-08-09,-786.118233267216,114794.30537623515,114008.18714296793,-0.6848059498167051
2024-08-12,-2024.6704667552563,114008.18714296793,111983.51667621268,-1.7758991853947206
2024-08-13,-211.23200000000188,111983.51667621268,111772.28467621267,-0.1886277608255103
2024-08-14,-2238.7231461924957,111772.28467621267,109533.56153002018,-2.0029322588132974
2024-08-15,595.3018999999911,109533.56153002018,110128.86343002017,0.5434881251778114
2024-08-16,1205.1404969751766,110128.86343002017,111334.00392699534,1.0943003127794615
2024-08-18,-70.36839999998796,111334.00392699534,111263.63552699536,-0.0632047689995326
2024-08-19,-3362.73425848183,111263.63552699536,107900.90126851352,-3.022312045219793
2024-08-20,-1172.179630027776,107900.90126851352,106728.72163848576,-1.0863483216982441
2024-08-21,2055.7498866558803,106728.72163848576,108784.47152514163,1.926144954325574
2024-08-22,-4744.917302531079,108784.47152514163,104039.55422261055,-4.361759758546477
2024-08-23,-148.84559850984078,104039.55422261055,103890.70862410072,-0.1430663555049073
2024-08-26,3979.9026000000176,103890.70862410072,107870.61122410074,3.8308551868677445
2024-08-27,-1654.7247968538886,107870.61122410074,106215.88642724685,-1.533990377987388
2024-08-28,1040.8320000000167,106215.88642724685,107256.71842724686,0.9799212104800729
2024-08-29,2408.2648000000113,107256.71842724686,109664.98322724688,2.2453276916481064
2024-08-30,-3253.989852264886,109664.98322724688,106410.99337498199,-2.9672095472097917
2024-09-01,588.3635999999976,106410.99337498199,106999.35697498199,0.5529161803110525
2024-09-02,1270.903897476379,106999.35697498199,108270.26087245837,1.1877677898321715
2024-09-03,146.97360000005403,108270.26087245837,108417.23447245841,0.1357469713434864
2024-09-04,3229.531685913321,108417.23447245841,111646.76615837174,2.978799174898461
2024-09-05,-838.975693562564,111646.76615837174,110807.79046480918,-0.7514554361319081
2024-09-06,-1700.4114530025445,110807.79046480918,109107.37901180662,-1.5345594798612725
2024-09-07,1899.8819999999998,109107.37901180662,111007.26101180662,1.741295609158031
2024-09-08,-917.5689000000083,111007.26101180662,110089.69211180662,-0.8265845780146007
2024-09-09,-1693.4655723112369,110089.69211180662,108396.22653949539,-1.5382598859404206
2024-09-10,-2034.8058405962697,108396.22653949539,106361.4206988991,-1.8771925052712655
2024-09-11,-1625.8648916838285,106361.4206988991,104735.55580721528,-1.5286227666011771
2024-09-12,1229.3074061164882,104735.55580721528,105964.86321333177,1.173725003550132
2024-09-13,991.6399026626386,105964.86321333177,106956.50311599442,0.9358195467739512
2024-09-14,-896.2299999999923,106956.50311599442,106060.27311599442,-0.8379387637870229
2024-09-16,649.3020432240875,106060.27311599442,106709.57515921851,0.6122009911420542
2024-09-17,-1498.679835586504,106709.57515921851,105210.89532363201,-1.4044473828617197
2024-09-18,1142.8393295780672,105210.89532363201,106353.73465321006,1.0862366735523519
2024-09-19,3161.9318237118623,106353.73465321006,109515.66647692194,2.973033184045715
2024-09-20,-3305.8486246789867,109515.66647692194,106209.81785224294,-3.0186079590499713
2024-09-23,-1274.2838888298056,106209.81785224294,104935.53396341314,-1.1997797516257536
2024-09-24,435.18667908409043,104935.53396341314,105370.72064249722,0.414718125164182
2024-09-25,-548.8150000000021,105370.72064249722,104821.90564249722,-0.5208420296013984
2024-09-26,1021.2750000000027,104821.90564249722,105843.18064249723,0.974295395356707
2024-09-27,1528.9062239943478,105843.18064249723,107372.08686649158,1.4445013979299057
2024-09-28,-344.7380999999883,107372.08686649158,107027.34876649159,-0.32106864089234105
2024-09-30,-1146.9670704008904,107027.34876649159,105880.3816960907,-1.0716579300710343
2024-10-01,482.83660000002556,105880.3816960907,106363.21829609072,0.4560208343278505
2024-10-02,-2003.2728033674236,106363.21829609072,104359.9454927233,-1.8834262778611803
2024-10-03,-417.4793600946273,104359.9454927233,103942.46613262867,-0.40003792463051524
2024-10-04,-1103.5998235054658,103942.46613262867,102838.8663091232,-1.0617410424891138
2024-10-07,111.39526980661455,102838.8663091232,102950.26157892981,0.10832020402847661
2024-10-08,-532.6500000000269,102950.26157892981,102417.61157892979,-0.5173857665156638
2024-10-09,-1583.214600858063,102417.61157892979,100834.39697807173,-1.5458421422354036
2024-10-10,623.7369933606378,100834.39697807173,101458.13397143237,0.6185756171044299
2024-10-11,-2592.8248631663137,101458.13397143237,98865.30910826605,-2.5555613548898672
2024-10-13,-359.7623999999972,98865.30910826605,98505.54670826606,-0.36389144306020055
2024-10-14,1948.2882891195793,98505.54670826606,100453.83499738564,1.9778462779254737
2024-10-15,-2571.578510174274,100453.83499738564,97882.25648721136,-2.559960513445007
2024-10-16,-666.7199976274867,97882.25648721136,97215.53648958387,-0.6811448995504061
2024-10-17,3063.5867902548557,97215.53648958387,100279.12327983874,3.151334550916255
2024-10-18,40.49012873527761,100279.12327983874,100319.613408574,0.040377425939680314
2024-10-21,-3371.430821877073,100319.613408574,96948.18258669693,-3.3606896072716794
2024-10-22,-506.2400000000116,96948.18258669693,96441.94258669692,-0.5221758536291293
2024-10-23,871.1572741553496,96441.94258669692,97313.09986085228,0.9032971037183525
2024-10-24,697.3994167625981,97313.09986085228,98010.49927761487,0.7166552270555635
2024-10-25,-516.385000000043,98010.49927761487,97494.11427761483,-0.526867023233278
2024-10-26,-442.2960000000021,97494.11427761483,97051.81827761483,-0.4536643091505634
2024-10-28,1920.9068690904796,97051.81827761483,98972.72514670531,1.979259021810146
2024-10-29,-35.9514713174467,98972.72514670531,98936.77367538786,-0.03632462505620265
2024-10-30,9227.794117389862,98936.77367538786,108164.56779277773,9.326960820115591
2024-10-31,283.0250000000051,108164.56779277773,108447.59279277772,0.261661471751291
2024-11-01,-562.0199999999957,108447.59279277772,107885.57279277773,-0.5182411020168116
2024-11-02,-230.94900000000052,107885.57279277773,107654.62379277773,-0.2140684746083687
2024-11-03,1331.4972000000118,107654.62379277773,108986.12099277774,1.236823048643953
2024-11-04,-2766.8925082092105,108986.12099277774,106219.22848456854,-2.5387567545344294
2024-11-05,-553.1250000000432,106219.22848456854,105666.10348456849,-0.5207390487499172
2024-11-06,4354.545819081548,105666.10348456849,110020.64930365003,4.121043244220212
2024-11-07,286.2405999999688,110020.64930365003,110306.88990365001,0.2601698879361845
2024-11-08,1587.1836850242162,110306.88990365001,111894.07358867422,1.438879916214279
2024-11-09,144.33100000000707,111894.07358867422,112038.40458867422,0.12898895837019206
2024-11-10,-209.63999999999942,112038.40458867422,111828.76458867422,-0.18711441025035053
2024-11-11,-759.4500000000262,111828.76458867422,111069.3145886742,-0.6791186532314976
2024-11-12,2047.6096329102008,111069.3145886742,113116.9242215844,1.8435421524776354
2024-11-13,-3767.5924056113427,113116.9242215844,109349.33181597306,-3.3307061976252266
2024-11-14,3262.0153980499217,109349.33181597306,112611.34721402299,2.9831141570573614
2024-11-15,-582.4749999999727,112611.34721402299,112028.87221402301,-0.5172436121316909
2024-11-18,-1718.0180477242054,112028.87221402301,110310.8541662988,-1.5335493554215711
2024-11-19,3292.9076566160593,110310.8541662988,113603.76182291486,2.985116633809984
2024-11-20,1123.5300000000168,113603.76182291486,114727.29182291488,0.9889901372732457
2024-11-21,2225.7104705577995,114727.29182291488,116953.00229347267,1.9400008796453179
2024-11-22,-2382.812108801774,116953.00229347267,114570.19018467091,-2.0374099527796066
2024-11-25,-3272.4026957068145,114570.19018467091,111297.7874889641,-2.856242701903667
2024-11-26,1710.5043902533969,111297.7874889641,113008.29187921749,1.5368718721591879
2024-11-27,-1089.858600000036,113008.29187921749,111918.43327921745,-0.9644058695842157
2024-11-28,450.74199999995733,111918.43327921745,112369.17527921741,0.40274152058171925
2024-11-29,2216.185433567612,112369.17527921741,114585.36071278501,1.9722360941608637
2024-12-02,187.50790000000234,114585.36071278501,114772.86861278502,0.1636403628121414
2024-12-03,449.11786418738984,114772.86861278502,115221.98647697241,0.3913101324517742
2024-12-04,1646.5835397025867,115221.98647697241,116868.57001667499,1.4290532476036275
2024-12-05,-520.1990500723405,116868.57001667499,116348.37096660266,-0.445114584698108
2024-12-06,-1148.7452000000521,116348.37096660266,115199.6257666026,-0.987332431435413
2024-12-09,3413.6376742522975,115199.6257666026,118613.2634408549,2.963236774022526
2024-12-10,-166.83169669458243,118613.2634408549,118446.43174416032,-0.14065180558645626
2024-12-11,-1264.2422000000024,118446.43174416032,117182.18954416033,-1.0673535550068038
2024-12-12,-58.19625649072759,117182.18954416033,117123.9932876696,-0.04966305606433154
2024-12-13,-60.39136754573451,117123.9932876696,117063.60192012385,-0.05156190960583676
2024-12-16,2615.479000000021,117063.60192012385,119679.08092012387,2.2342375914459254
2024-12-17,4829.4587956158875,119679.08092012387,124508.53971573977,4.0353408118492835
2024-12-18,1790.091604357319,124508.53971573977,126298.63132009709,1.4377259651781333
2024-12-19,4394.632264329318,126298.63132009709,130693.2635844264,3.4795565228188092
2024-12-20,-684.6999999999821,130693.2635844264,130008.56358442642,-0.5238984636401504
2024-12-21,1409.0202000000052,130008.56358442642,131417.58378442642,1.0837902990021113
2024-12-23,5462.275711852042,131417.58378442642,136879.85949627846,4.156426830074886
2024-12-24,-723.6000000000131,136879.85949627846,136156.25949627845,-0.5286387658950561
2024-12-26,-2285.6451099869573,136156.25949627845,133870.6143862915,-1.6786926421472608
2024-12-27,1301.4749999999485,133870.6143862915,135172.08938629145,0.9721887106937943
2024-12-28,-822.9210000000007,135172.08938629145,134349.16838629145,-0.6087950580154735
2024-12-30,-712.19399999997,134349.16838629145,133636.97438629146,-0.5301067424192853
2024-12-31,1929.439278611381,133636.97438629146,135566.41366490285,1.443791501171029
2025-01-02,854.8632447464568,135566.41366490285,136421.2769096493,0.6305863094228733
2025-01-03,1979.9464722283267,136421.2769096493,138401.22338187764,1.451347265675888
2025-01-05,389.20999999999185,138401.22338187764,138790.43338187764,0.28121861244396723
2025-01-06,-715.9150000000404,138790.43338187764,138074.5183818776,-0.5158244574611438
2025-01-07,-1523.0566140414728,138074.5183818776,136551.46176783612,-1.1030685689803392
2025-01-08,-2439.6907739830935,136551.46176783612,134111.77099385305,-1.786645666328376
2025-01-09,1312.819999999991,134111.77099385305,135424.59099385302,0.9788999058555148
2025-01-10,1732.689199999995,135424.59099385302,137157.28019385302,1.2794494613453493
2025-01-11,25.081500000004013,137157.28019385302,137182.36169385302,0.0182866705759656
2025-01-13,-1450.7280692193883,137182.36169385302,135731.63362463363,-1.0575179281844904
2025-01-14,-3434.612322219837,135731.63362463363,132297.0213024138,-2.530443516003256
2025-01-15,1285.725000000004,132297.0213024138,133582.7463024138,0.9718472776956963
2025-01-16,2785.325211727709,133582.7463024138,136368.0715141415,2.085093538518888
2025-01-17,-719.7399999999344,136368.0715141415,135648.33151414158,-0.5277921671901744
2025-01-18,3053.9632000000083,135648.33151414158,138702.29471414158,2.2513827969064457
2025-01-19,-2241.053700000002,138702.29471414158,136461.2410141416,-1.6157293609443888
2025-01-20,-1099.3191000000015,136461.2410141416,135361.92191414157,-0.8055907243919013
2025-01-21,-523.4007837555678,135361.92191414157,134838.521130386,-0.38666766573213596
2025-01-22,-1437.4282000000073,134838.521130386,133401.09293038602,-1.0660367585981194
2025-01-23,2507.4835654082553,133401.09293038602,135908.57649579426,1.8796574378268098
2025-01-24,-1405.9197592498413,135908.57649579426,134502.65673654442,-1.0344599255613187
2025-01-25,-1088.4427999999969,134502.65673654442,133414.21393654443,-0.8092351678465148
2025-01-27,-2027.2397074108376,133414.21393654443,131386.97422913357,-1.5195080401066188
2025-01-28,-3330.2430437539324,131386.97422913357,128056.73118537966,-2.5346828049682637
2025-01-29,-1723.6955999999832,128056.73118537966,126333.03558537966,-1.34604060563181
2025-01-30,1124.85631023888,126333.03558537966,127457.89189561855,0.890389679173559
2025-01-31,-1173.8635999999751,127457.89189561855,126284.02829561857,-0.9209814963527789
2025-02-03,5785.66981684971,126284.02829561857,132069.6981124683,4.581473916326158
2025-02-04,1874.2734000000055,132069.6981124683,133943.9715124683,1.419154754487215
2025-02-05,3990.778921826117,133943.9715124683,137934.7504342944,2.9794389973382502
2025-02-06,567.4307217294336,137934.7504342944,138502.18115602384,0.4113761905124341
2025-02-07,-7585.782757397807,138502.18115602384,130916.39839862603,-5.477013209526542
2025-02-10,1287.3,130916.39839862603,132203.69839862603,0.9832992778187444
2025-02-11,-678.7750000000138,132203.69839862603,131524.923398626,-0.5134311734255297
2025-02-12,-43.469719236559285,131524.923398626,131481.45367938947,-0.03305055658904371
2025-02-14,-837.9400135608194,131481.45367938947,130643.51366582864,-0.6373066239472006
2025-02-15,-1085.1029999999985,130643.51366582864,129558.41066582863,-0.8305831415217211
2025-02-17,-666.0749999999591,129558.41066582863,128892.33566582868,-0.5141117404704612
2025-02-18,-103.889278662582,128892.33566582868,128788.4463871661,-0.08060159521969516
2025-02-19,-1986.2965563559724,128788.4463871661,126802.14983081011,-1.5422940582610436
2025-02-20,-660.6250000000247,126802.14983081011,126141.52483081009,-0.5209888009639309
2025-02-21,-1358.1899999999991,126141.52483081009,124783.3348308101,-1.0767191865023824
2025-02-24,-1672.482099999996,124783.3348308101,123110.85273081009,-1.3403088659777072
2025-02-25,4409.11799999999,123110.85273081009,127519.97073081009,3.5814210544384864
2025-02-26,-1359.5813629277466,127519.97073081009,126160.38936788234,-1.066171326056663
2025-02-27,687.1515999999845,126160.38936788234,126847.54096788232,0.5446650913515001
2025-02-28,-726.6215023833413,126847.54096788232,126120.91946549898,-0.5728305782193454
2025-03-02,483.4902000000021,126120.91946549898,126604.40966549898,0.3833544839738211
2025-03-03,-1158.2531322564175,126604.40966549898,125446.15653324257,-0.9148600236884588
2025-03-04,3753.656219954959,125446.15653324257,129199.81275319753,2.992244899077685
2025-03-05,826.4849249071899,129199.81275319753,130026.29767810472,0.6396951414209657
2025-03-06,-1361.072498934218,130026.29767810472,128665.22517917049,-1.0467670949946692
2025-03-07,-2758.461645295999,128665.22517917049,125906.7635338745,-2.1439061265036856
2025-03-10,3712.841999999961,125906.7635338745,129619.60553387446,2.9488820900404145
2025-03-11,-2472.7123672047505,129619.60553387446,127146.8931666697,-1.9076684865844142
2025-03-12,-3206.5765407079475,127146.8931666697,123940.31662596176,-2.5219464360050283
2025-03-13,1806.2490743989465,123940.31662596176,125746.5657003607,1.4573539293513407
2025-03-14,1832.3177292260584,125746.5657003607,127578.88342958677,1.457151309875338
2025-03-15,-1037.2800999999947,127578.88342958677,126541.60332958677,-0.8130499908101873
2025-03-16,189.423600000008,126541.60332958677,126731.02692958678,0.149692745323165
2025-03-17,-245.4957288261919,126731.02692958678,126485.5312007606,-0.19371398999440934
2025-03-18,202.99620000004006,126485.5312007606,126688.52740076063,0.16048966081174934
2025-03-19,-3206.788174204311,126688.52740076063,123481.73922655632,-2.531238021308832
2025-03-20,2678.5032000000247,123481.73922655632,126160.24242655635,2.1691492335443057
2025-03-21,-629.4227210374461,126160.24242655635,125530.8197055189,-0.49890734904370676
2025-03-24,-619.4409000000097,125530.8197055189,124911.37880551889,-0.4934572254472232
2025-03-25,1801.8094760644199,124911.37880551889,126713.18828158331,1.4424702483428287
2025-03-26,-1697.050000000011,126713.18828158331,125016.1382815833,-1.3392844288858154
2025-03-27,-49.7018710992611,125016.1382815833,124966.43641048405,-0.039756364084222326
2025-03-28,1818.856992377199,124966.43641048405,126785.29340286124,1.4554764020018147
2025-03-31,-903.4706941610488,126785.29340286124,125881.82270870019,-0.7125989694169526
2025-04-01,-5702.546847515783,125881.82270870019,120179.2758611844,-4.530079661073781
2025-04-03,-1254.429679999949,120179.2758611844,118924.84618118446,-1.0437986674581934
2025-04-04,4159.3105799131845,118924.84618118446,123084.15676109763,3.4974277566660787
2025-04-07,-1247.5481012779765,123084.15676109763,121836.60865981967,-1.0135732608538945
2025-04-08,-1843.4966807728565,121836.60865981967,119993.11197904681,-1.5130892931533317
2025-04-09,2615.520330703995,119993.11197904681,122608.6323097508,2.1797253922047766
2025-04-10,358.6329614329725,122608.6323097508,122967.26527118377,0.2925022118564577
2025-04-11,-2015.8436608119202,122967.26527118377,120951.42161037185,-1.6393335709030479
2025-04-13,-792.8840000000092,120951.42161037185,120158.53761037184,-0.6555392152017647
2025-04-14,1771.9251739668075,120158.53761037184,121930.46278433866,1.4746560745541717
2025-04-15,-955.0165504501786,121930.46278433866,120975.44623388848,-0.7832468840369607
2025-04-16,-1027.989222265526,120975.44623388848,119947.45701162296,-0.8497503041055603
2025-04-17,-609.3500000000064,119947.45701162296,119338.10701162295,-0.508014104826716
2025-04-20,-989.5326000000097,119338.10701162295,118348.57441162293,-0.8291840928092098
2025-04-21,-609.4350000000237,118348.57441162293,117739.13941162292,-0.5149491686147184
2025-04-22,-595.0450000000101,117739.13941162292,117144.09441162291,-0.5053926867256078
2025-04-23,4577.6472155601205,117144.09441162291,121721.74162718302,3.90770634964756
2025-04-24,-623.4299999999882,121721.74162718302,121098.31162718304,-0.512176371834597
2025-04-25,-3053.7891722725262,121098.31162718304,118044.5224549105,-2.521743805705578
2025-04-28,-2386.892936805518,118044.5224549105,115657.629518105,-2.0220276952852596
2025-04-29,-3852.1636961361933,115657.629518105,111805.4658219688,-3.3306611178064798
2025-04-30,-34.70870258778473,111805.4658219688,111770.75711938101,-0.03104383344107026
2025-05-01,2172.2050753184085,111770.75711938101,113942.96219469942,1.9434466861473456
2025-05-02,-583.450000000014,113942.96219469942,113359.5121946994,-0.5120544426456519
2025-05-05,6902.759814322782,113359.5121946994,120262.27200902218,6.089263865626929
2025-05-06,2199.9860846422,120262.27200902218,122462.2580936644,1.8293235674752217
2025-05-07,530.0926758284402,122462.2580936644,122992.35076949283,0.43286207855403297
2025-05-08,-1246.0569848253024,122992.35076949283,121746.29378466753,-1.0131174638336744
2025-05-09,-3770.849855116319,121746.29378466753,117975.44392955121,-3.0973015587528394
2025-05-10,2016.98500000001,117975.44392955121,119992.42892955123,1.7096651072611757
2025-05-12,1639.9970000000012,119992.42892955123,121632.42592955122,1.366750398029579
2025-05-13,579.7050000000062,121632.42592955122,122212.13092955123,0.47660399401699666
2025-05-14,3658.1825253104103,122212.13092955123,125870.31345486164,2.99330557243876
2025-05-15,2678.768173457277,125870.31345486164,128549.08162831892,2.1281969512357737
2025-05-16,3847.4689042559194,128549.08162831892,132396.55053257482,2.9929960257361614
2025-05-20,3955.139906170124,132396.55053257482,136351.69043874496,2.987343620555282
2025-05-22,3952.8159790602213,136351.69043874496,140304.50641780518,2.8989856791221786
2025-05-23,-1999.162683499581,140304.50641780518,138305.34373430558,-1.4248741786998507
2025-05-26,-4349.187877998669,138305.34373430558,133956.15585630693,-3.1446275035863898
2025-05-27,-31.4495787534604,133956.15585630693,133924.70627755346,-0.023477516619091372
2025-05-28,561.0468442496071,133924.70627755346,134485.75312180308,0.41892706718867884
2025-05-29,235.3224999999984,134485.75312180308,134721.07562180306,0.1749795012017875
2025-05-30,1977.037341005615,134721.07562180306,136698.1129628087,1.4675041242661027
2025-05-31,-1114.8367999999994,136698.1129628087,135583.2761628087,-0.8155465908321
2025-06-02,4061.4972089693774,135583.2761628087,139644.77337177808,2.9955738819088
2025-06-03,-718.8559999999773,139644.77337177808,138925.91737177808,-0.5147747263595449
2025-06-04,-837.1452068998387,138925.91737177808,138088.77216487826,-0.6025838970417333
2025-06-05,2679.6120509908596,138088.77216487826,140768.3842158691,1.9404995851446907
2025-06-06,-246.1907775600768,140768.3842158691,140522.193438309,-0.1748906751551129
2025-06-08,-661.8015000000183,140522.193438309,139860.391938309,-0.4709587032532035
2025-06-09,2020.402249787749,139860.391938309,141880.79418809677,1.4445850049375863
2025-06-10,-870.2187279923612,141880.79418809677,141010.5754601044,-0.6133449794752904
2025-06-11,-4182.498025969651,141010.5754601044,136828.07743413476,-2.966088190422987
2025-06-12,2768.5876000000035,136828.07743413476,139596.66503413476,2.0234060522649124
2025-06-13,2815.2751724800546,139596.66503413476,142411.94020661482,2.01672093799064
2025-06-14,-1178.0033000000092,142411.94020661482,141233.9369066148,-0.8271801495653612
2025-06-16,-720.7950000000016,141233.9369066148,140513.1419066148,-0.5103553832649995
2025-06-17,-1433.407632587941,140513.1419066148,139079.73427402685,-1.0201235365874783
2025-06-18,-1424.9554937131024,139079.73427402685,137654.77878031376,-1.024560120963082
2025-06-20,-3910.9223691392226,137654.77878031376,133743.85641117452,-2.8411090437918967
2025-06-23,2493.388800000016,133743.85641117452,136237.24521117454,1.8643015588951488
2025-06-24,4070.3685691184155,136237.24521117454,140307.61378029297,2.987706161269733
2025-06-25,-2160.3272464371807,140307.61378029297,138147.28653385577,-1.5397077808051294
2025-06-26,404.3362871063798,138147.28653385577,138551.62282096216,0.29268492870997437
2025-06-27,-2897.3581345092844,138551.62282096216,135654.26468645287,-2.091175892074018
2025-06-30,-699.5199999999815,135654.26468645287,134954.7446864529,-0.5156638470724313
2025-07-01,4011.809833211242,134954.7446864529,138966.55451966415,2.972707512086426
2025-07-02,318.66510000001006,138966.55451966415,139285.21961966413,0.22931064319862524
2025-07-03,-1544.9720999999954,139285.21961966413,137740.24751966415,-1.1092146777804113
2025-07-04,-672.6117999999939,137740.24751966415,137067.63571966416,-0.4883190005186902
2025-07-05,-1080.568400000009,137067.63571966416,135987.06731966414,-0.7883468583422769
2025-07-06,-3371.1229781723723,135987.06731966414,132615.94434149176,-2.479002632101691
2025-07-07,1921.5114062053217,132615.94434149176,134537.4557476971,1.4489293996635482
2025-07-08,-2074.137750401654,134537.4557476971,132463.31799729544,-1.541680522256463
2025-07-09,557.2877806793495,132463.31799729544,133020.6057779748,0.42071102332702237
2025-07-10,-1699.7496657322845,133020.6057779748,131320.8561122425,-1.2778092956284857
2025-07-11,1788.6611233548037,131320.8561122425,133109.5172355973,1.3620541141050742
2025-07-12,-1093.94399999999,133109.5172355973,132015.57323559732,-0.8218375535565672
2025-07-14,-3350.0964258478643,132015.57323559732,128665.47680974947,-2.5376524479193248
2025-07-15,1858.4977677583445,128665.47680974947,130523.9745775078,1.444441674518801
2025-07-16,3125.3795259469416,130523.9745775078,133649.35410345474,2.394486940857771
2025-07-17,1313.5359999999894,133649.35410345474,134962.89010345473,0.9828225574387833
2025-07-18,2035.8264319537154,134962.89010345473,136998.71653540846,1.5084342298784272
2025-07-20,-3359.1447999999787,136998.71653540846,133639.57173540848,-2.451953481718772
2025-07-21,203.57699999997067,133639.57173540848,133843.14873540844,0.15233287368133036
2025-07-22,-701.1000000000262,133843.14873540844,133142.0487354084,-0.5238221056693871
2025-07-23,1314.859999999985,133142.0487354084,134456.9087354084,0.9875617901997215
2025-07-24,2579.6611066293226,134456.9087354084,137036.56984203772,1.9185783243802816
2025-07-25,-3998.588291764094,137036.56984203772,133037.98155027363,-2.917898701327152
2025-07-28,5427.175347003551,133037.98155027363,138465.15689727716,4.079417985571797
2025-07-29,-4944.801289815219,138465.15689727716,133520.35560746194,-3.5711520505361563
2025-07-30,1920.1416056466503,133520.35560746194,135440.4972131086,1.4380890441092722
2025-07-31,-1537.4000000000283,135440.4972131086,133903.09721310856,-1.135111013053215
2025-08-01,239.2515999999589,133903.09721310856,134142.34881310852,0.17867518002155452
2025-08-03,659.6339999999932,134142.34881310852,134801.98281310854,0.49174179954088676
2025-08-04,2202.489600000018,134801.98281310854,137004.47241310854,1.6338703289354297
2025-08-05,4075.264585377649,137004.47241310854,141079.7369984862,2.974548577574559
2025-08-06,920.8824298193358,141079.7369984862,142000.61942830554,0.6527389754272204
2025-08-07,582.5363491831883,142000.61942830554,142583.15577748872,0.41023507610634347
2025-08-08,-1881.978999999969,142583.15577748872,140701.17677748873,-1.3199167810094852
2025-08-11,-2729.398690852491,140701.17677748873,137971.77808663624,-1.9398549133451009
2025-08-12,-3503.9818673321006,137971.77808663624,134467.79621930415,-2.5396366676755115
2025-08-13,-2083.537207918058,134467.79621930415,132384.25901138608,-1.5494692904165748
2025-08-14,3499.6390590106666,132384.25901138608,135883.89807039677,2.6435462079443073
2025-08-15,-1785.983400000022,135883.89807039677,134097.91467039674,-1.3143451323973392
2025-08-16,-1095.4187999999876,134097.91467039674,133002.49587039676,-0.8168798170295564
2025-08-18,2996.558474743887,133002.49587039676,135999.05434514064,2.2530092049278987
2025-08-19,-1575.4962000000087,135999.05434514064,134423.55814514065,-1.1584611434147831
2025-08-20,-1775.1105999999845,134423.55814514065,132648.44754514063,-1.3205353469987389
2025-08-21,-166.3586456537031,132648.44754514063,132482.08889948693,-0.1254131870613041
2025-08-22,697.0483652112903,132482.08889948693,133179.13726469822,0.5261453612345554
2025-08-23,-1234.3273999999897,133179.13726469822,131944.80986469824,-0.9268173869806053
2025-08-25,-2047.9240050286173,131944.80986469824,129896.88585966962,-1.552106526303418
2025-08-26,2177.172013184632,129896.88585966962,132074.05787285426,1.676077142862899
2025-08-27,-3390.0130374748824,132074.05787285426,128684.04483537938,-2.5667516331923395
2025-08-28,530.2113090079342,128684.04483537938,129214.25614438731,0.41202567861945394
2025-08-29,-679.8450000000566,129214.25614438731,128534.41114438725,-0.5261377655112455
2025-08-30,-581.6506000000073,128534.41114438725,127952.76054438725,-0.45252519914423434
2025-09-02,523.6823038788116,127952.76054438725,128476.44284826606,0.40927784727016064
2025-09-03,-2662.423968541004,128476.44284826606,125814.01887972506,-2.0723051709062292
2025-09-04,1176.343228267425,125814.01887972506,126990.36210799248,0.9349858137764271
2025-09-05,-4227.450764558225,126990.36210799248,122762.91134343426,-3.3289540201194208
2025-09-08,1208.464999999998,122762.91134343426,123971.37634343425,0.9843893296235603
2025-09-09,-806.6571114118701,123971.37634343425,123164.71923202238,-0.6506801289171878
2025-09-10,1785.4602971770094,123164.71923202238,124950.17952919939,1.44965239096879
2025-09-11,-5180.302284763802,124950.17952919939,119769.8772444356,-4.145894231030878
2025-09-12,2532.9663689987988,119769.8772444356,122302.8436134344,2.114860954419554
2025-09-13,352.6001999999938,122302.8436134344,122655.44381343438,0.2883009009295531
2025-09-15,1213.5149999999705,122655.44381343438,123868.95881343435,0.9893690506275393
2025-09-16,-639.0149999999896,123868.95881343435,123229.94381343437,-0.5158798508692111
2025-09-17,-636.2600000000336,123229.94381343437,122593.68381343433,-0.5163193135617331
2025-09-18,-1866.247861303609,122593.68381343433,120727.43595213072,-1.5223034362387744
2025-09-19,3578.6058877521823,120727.43595213072,124306.0418398829,2.964202676491137
2025-09-20,-981.0197999999871,124306.0418398829,123325.02203988293,-0.7891971986877571
2025-09-22,1260.4904000000192,123325.02203988293,124585.51243988294,1.0220881206024683
2025-09-23,632.0479000000328,124585.51243988294,125217.56033988297,0.5073205444373149
2025-09-24,-528.8736000000006,125217.56033988297,124688.68673988298,-0.422363763169046
2025-09-25,-1945.2848550553279,124688.68673988298,122743.40188482765,-1.5601133558439415
2025-09-26,-3652.657962328783,122743.40188482765,119090.74392249886,-2.9758487268880964
2025-09-29,-1822.902118735713,119090.74392249886,117267.84180376315,-1.5306832913244794
2025-09-30,766.7328330709054,117267.84180376315,118034.57463683406,0.653830428937169
2025-10-01,3536.1091947343793,118034.57463683406,121570.68383156843,2.9958249145338938
2025-10-02,-625.2750000000095,121570.68383156843,120945.40883156843,-0.5143304128043767
2025-10-03,11161.285919853299,120945.40883156843,132106.69475142172,9.228366771157706
2025-10-06,-2013.208239644789,132106.69475142172,130093.48651177694,-1.5239259777356007
2025-10-07,-1993.2034628494503,130093.48651177694,128100.2830489275,-1.5321316357133776
2025-10-08,1200.380100000018,128100.2830489275,129300.6631489275,0.937062800666519
2025-10-09,-663.8450000000215,129300.6631489275,128636.81814892747,-0.5134119066623889
2025-10-10,-6119.419944890803,128636.81814892747,122517.39820403667,-4.757129438483258
2025-10-12,94.36200000000244,122517.39820403667,122611.76020403668,0.07701926533148777
2025-10-13,-3447.202366006841,122611.76020403668,119164.55783802984,-2.811477757329636
2025-10-14,-2548.2725390592855,119164.55783802984,116616.28529897056,-2.138448365262206
2025-10-15,-2991.6067721179124,116616.28529897056,113624.67852685263,-2.5653421942298147
2025-10-16,-443.754614989605,113624.67852685263,113180.92391186304,-0.3905442204483189
2025-10-17,1146.2850000000067,113180.92391186304,114327.20891186304,1.012789929946719
2025-10-19,439.4600999999991,114327.20891186304,114766.66901186304,0.38438802467292543
2025-10-20,3821.1173000000144,114766.66901186304,118587.78631186305,3.3294660661494313
2025-10-21,-894.7043652188619,118587.78631186305,117693.08194664419,-0.7544658628384896
2025-10-22,1742.7681090117258,117693.08194664419,119435.85005565592,1.4807736191340495
2025-10-23,-597.5280000000207,119435.85005565592,118838.3220556559,-0.5002919975213294
2025-10-24,2312.3617795773935,118838.3220556559,121150.68383523329,1.9458048040214153
2025-10-25,125.29000000000741,121150.68383523329,121275.9738352333,0.103416667602474
2025-10-26,3040.891800000002,121275.9738352333,124316.86563523329,2.507414868613125
2025-10-27,3102.923672932641,124316.86563523329,127419.78930816594,2.495979654150181
2025-10-28,2750.7212531957302,127419.78930816594,130170.51056136168,2.1587865339685073
2025-10-29,-51.01423248723495,130170.51056136168,130119.49632887443,-0.03919031450920454
2025-10-30,1920.2697646792794,130119.49632887443,132039.7660935537,1.4757740529719205
2025-10-31,4065.1775241751166,132039.7660935537,136104.94361772883,3.0787524428775717
2025-11-01,-650.3279999999912,136104.94361772883,135454.61561772885,-0.4778136507859222
2025-11-03,-2058.770746677088,135454.61561772885,133395.84487105176,-1.519897079393157
2025-11-04,582.5431748228789,133395.84487105176,133978.38804587463,0.4367026389660032
2025-11-05,1962.882103935842,133978.38804587463,135941.27014981047,1.4650736828269235
2025-11-06,1418.0259999999673,135941.27014981047,137359.29614981043,1.0431166329675083
2025-11-07,-275.11629999996376,137359.29614981043,137084.1798498105,-0.20028953824858647
2025-11-08,-1113.3224999999948,137084.1798498105,135970.85734981048,-0.8121451368201287
2025-11-10,-44.839095678842796,135970.85734981048,135926.01825413163,-0.032976989740886774
2025-11-11,333.74233547440554,135926.01825413163,136259.76058960604,0.24553234160838155
2025-11-12,-2561.3850999999872,136259.76058960604,133698.37548960606,-1.8797810071856027
2025-11-13,-2470.224000000021,133698.37548960606,131228.15148960604,-1.8476095845996725
2025-11-14,1305.8950000000068,131228.15148960604,132534.04648960603,0.9951332737499091
2025-11-15,5884.751199999988,132534.04648960603,138418.79768960603,4.440180735341465
2025-11-16,16.925699999999196,138418.79768960603,138435.72338960602,0.012227891213123981
2025-11-17,-1150.804028961862,138435.72338960602,137284.91936064418,-0.8312912308935615
2025-11-18,-2316.8527595857836,137284.91936064418,134968.06660105838,-1.6876236445894446
2025-11-19,-1131.1775862147401,134968.06660105838,133836.88901484365,-0.8381075721846858
2025-11-20,-2023.2714006991177,133836.88901484365,131813.61761414452,-1.511744195185768
2025-11-21,-3299.6922743522473,131813.61761414452,128513.92533979227,-2.503301505623928
2025-11-22,-163.578799999997,128513.92533979227,128350.34653979228,-0.12728488338325422
2025-11-24,1124.8939999999964,128350.34653979228,129475.24053979228,0.8764245912271432
2025-11-25,-1955.2955952016623,129475.24053979228,127519.94494459062,-1.5101695019448382
2025-11-26,1861.033670232276,127519.94494459062,129380.97861482289,1.4594059549201688
2025-11-27,-664.7849999999856,129380.97861482289,128716.1936148229,-0.5138197338722422
2025-11-28,2905.346700882216,128716.1936148229,131621.54031570512,2.257172636394398
2025-11-29,-486.9137000000064,131621.54031570512,131134.6266157051,-0.3699346617826411
2025-12-01,-4114.083420511542,131134.6266157051,127020.54319519358,-3.1372975442771613
2025-12-02,1452.7713207755594,127020.54319519358,128473.31451596913,1.143729419061823
2025-12-03,-1457.0465700344769,128473.31451596913,127016.26794593465,-1.1341239038815076
2025-12-04,2520.997835058669,127016.26794593465,129537.26578099333,1.9847834264282973
2025-12-05,-4017.155239174034,129537.26578099333,125520.11054181929,-3.101157967905372
2025-12-06,-569.8461999999981,125520.11054181929,124950.2643418193,-0.45398796857348495
2025-12-07,-309.2562000000046,124950.2643418193,124641.0081418193,-0.24750343797111948
2025-12-08,-4411.155941911917,124641.0081418193,120229.85219990739,-3.5390887860059714
2025-12-09,-1833.9580920928183,120229.85219990739,118395.89410781456,-1.5253766502544457
2025-12-10,2292.5468793754735,118395.89410781456,120688.44098719003,1.9363398508463623
2025-12-11,-1825.8686109019654,120688.44098719003,118862.57237628807,-1.5128777834621001
2025-12-12,1176.2899999999904,118862.57237628807,120038.86237628806,0.9896218603415056
2025-12-14,-149.34839999999824,120038.86237628806,119889.51397628806,-0.12441670725921496
2025-12-15,1757.5437174207086,119889.51397628806,121647.05769370876,1.4659695073651884
2025-12-16,5414.011923955608,121647.05769370876,127061.06961766437,4.4505901142199225
2025-12-17,-649.0599999999852,127061.06961766437,126412.00961766439,-0.5108252291225409
2025-12-18,-649.4150000000317,126412.00961766439,125762.59461766435,-0.5137288790552418
2025-12-19,-2088.3621999999705,125762.59461766435,123674.23241766439,-1.6605590925893983
2025-12-21,-1025.9729999999931,123674.23241766439,122648.25941766439,-0.8295770104601462
2025-12-22,2313.766008365345,122648.25941766439,124962.02542602974,1.8865053767180533
2025-12-23,3734.592351993584,124962.02542602974,128696.61777802333,2.9885818025606876
2025-12-24,658.0796409298151,128696.61777802333,129354.69741895313,0.5113418303384435
2025-12-26,-1306.799321665143,129354.69741895313,128047.898097288,-1.0102449680916419
2025-12-29,-1985.2187971831286,128047.898097288,126062.67930010486,-1.5503720300623776
2025-12-30,225.8001721517594,126062.67930010486,126288.47947225661,0.17911738303944771
2025-12-31,2492.5355822811357,126288.47947225661,128781.01505453775,1.973684054711184
2026-01-01,-1056.6419999999894,128781.01505453775,127724.37305453778,-0.8204951634777142
2026-01-02,-1481.4107837397814,127724.37305453778,126242.96227079799,-1.1598497203875295
2026-01-03,-488.5625000000073,126242.96227079799,125754.39977079799,-0.3870017711973633
2026-01-04,-730.273200000014,125754.39977079799,125024.12657079796,-0.5807138369162604
2026-01-05,1831.7217906617138,125024.12657079796,126855.84836145968,1.4650946508508154
2026-01-06,832.3337092140764,126855.84836145968,127688.18207067376,0.6561256102615363
2026-01-07,-1684.5551999999989,127688.18207067376,126003.62687067376,-1.31927260039431
2026-01-08,-444.6390000000032,126003.62687067376,125558.98787067375,-0.3528779377567972
2026-01-09,-4324.267003900119,125558.98787067375,121234.72086677363,-3.4440123142392087
2026-01-12,-1276.245000000028,121234.72086677363,119958.4758667736,-1.0527058509933882
2026-01-13,-1265.9555425029455,119958.4758667736,118692.52032427066,-1.0553281319686998
2026-01-14,578.7629999999933,118692.52032427066,119271.28332427065,0.48761539347113
2026-01-15,-1939.0043123893083,119271.28332427065,117332.27901188134,-1.6257092724638589
2026-01-16,1369.6359469406248,117332.27901188134,118701.91495882196,1.167313852995161
2026-01-17,-986.7840000000083,118701.91495882196,117715.13095882196,-0.831312620645022
2026-01-19,-1198.4912193561036,117715.13095882196,116516.63973946586,-1.018128433952428
2026-01-20,1156.9500000000257,116516.63973946586,117673.58973946588,0.9929483055699126
2026-01-21,2994.8133000000107,117673.58973946588,120668.40303946589,2.545017371043621
2026-01-22,-2302.6158935334993,120668.40303946589,118365.7871459324,-1.9082177567067031
2026-01-23,3549.2428537154137,118365.7871459324,121915.02999964781,2.998537786378741
2026-01-27,-3094.4202432659654,121915.02999964781,118820.60975638183,-2.538177813904409
2026-01-28,-3002.854724252449,118820.60975638183,115817.7550321294,-2.527217063108167
2026-01-29,-578.2550000000006,115817.7550321294,115239.50003212939,-0.49928009728697026
2026-01-30,-18.13559817837563,115239.50003212939,115221.364433951,-0.01573731070797715
2026-02-02,2867.9672,115221.364433951,118089.33163395102,2.489093245935324
2026-02-03,-584.035000000003,118089.33163395102,117505.29663395102,-0.49457050177095874
2026-02-04,1202.035000000012,117505.29663395102,118707.33163395102,1.022962397809654
2026-02-05,-1496.5696823741332,118707.33163395102,117210.76195157689,-1.2607221995259685
2026-02-06,6126.56242336853,117210.76195157689,123337.32437494541,5.226962372192059
2026-02-07,-1992.8698000000006,123337.32437494541,121344.45457494541,-1.6157880918039678
2026-02-09,969.3683516445271,121344.45457494541,122313.82292658994,0.798856738068587
2026-02-10,-3067.554272507341,122313.82292658994,119246.26865408261,-2.507937532414811
2026-02-11,-186.6011651751883,119246.26865408261,119059.66748890742,-0.1564838609051099
2026-02-12,196.93180000001814,119059.66748890742,119256.59928890743,0.16540597177324212
2026-02-13,-2990.2737127558303,119256.59928890743,116266.3255761516,-2.5074282937681995
2026-02-15,509.11519999999086,116266.3255761516,116775.44077615159,0.437887064442002
2026-02-16,-953.2393999999849,116775.44077615159,115822.20137615161,-0.8163012647730119
2026-02-17,-4037.4600729162357,115822.20137615161,111784.74130323538,-3.4859120487650905
2026-02-18,-1168.1737670277282,111784.74130323538,110616.56753620764,-1.045020772431593
2026-02-19,-2783.020918369164,110616.56753620764,107833.54661783848,-2.515916901379361
2026-02-20,-550.8350000000045,107833.54661783848,107282.71161783847,-0.5108197006189186
2026-02-23,1580.5037235765926,107282.71161783847,108863.21534141507,1.4732138102611063
2026-02-24,5322.292342747138,108863.21534141507,114185.5076841622,4.888972207972593
2026-02-25,1681.9291999999805,114185.5076841622,115867.43688416219,1.4729795699224868
2026-02-26,-2122.2016999999855,115867.43688416219,113745.2351841622,-1.8315773241119024
2026-02-27,-975.3777047980292,113745.2351841622,112769.85747936417,-0.857510825151329
2026-02-28,-920.286399999999,112769.85747936417,111849.57107936418,-0.8160748098563508
2026-03-01,-271.0,111849.57107936418,111578.57107936418,-0.2422897087443534
2026-03-02,-416.81640000000743,111578.57107936418,111161.75467936417,-0.373563127729546
2026-03-03,-55.40251271433726,111161.75467936417,111106.35216664983,-0.04983954497132642
2026-03-04,-556.0249999999976,111106.35216664983,110550.32716664983,-0.5004439342640001
2026-03-05,-1013.7661364538972,110550.32716664983,109536.56103019594,-0.9170177623497111
2026-03-06,-1653.3932392543302,109536.56103019594,107883.1677909416,-1.509444174350644
2026-03-08,807.4788000000037,107883.1677909416,108690.64659094161,0.7484752408872105
2026-03-09,1257.1832300598915,108690.64659094161,109947.8298210015,1.1566618375096376
2026-03-10,-3356.436965338955,109947.8298210015,106591.39285566255,-3.0527541751422826
2026-03-11,-39.34383792202334,106591.39285566255,106552.04901774052,-0.0369108957749521
2026-03-12,-538.3849999999828,106552.04901774052,106013.66401774054,-0.5052788800995687
2026-03-13,-1608.6834566470575,106013.66401774054,104404.98056109349,-1.5174302968887645
2026-03-16,1541.2800790508238,104404.98056109349,105946.2606401443,1.47625148797277
2026-03-17,1558.8674999999816,105946.2606401443,107505.12814014428,1.4713756677971022
2026-03-18,-541.8600000000097,107505.12814014428,106963.26814014428,-0.5040317698088206
2026-03-19,-14.924114226552092,106963.26814014428,106948.34402591773,-0.013952560057344524
2026-03-20,-526.9650000000056,106948.34402591773,106421.37902591772,-0.4927285268412399
2026-03-23,-725.2867999999899,106421.37902591772,105696.09222591773,-0.6815235873079173
2026-03-24,114.46406000000138,105696.09222591773,105810.55628591773,0.10829545122192669
2026-03-25,1574.2279663711731,105810.55628591773,107384.7842522889,1.4877796900692473
2026-03-26,-419.48626295062013,107384.7842522889,106965.29798933829,-0.39063845578446443
2026-03-28,2812.4399999999964,106965.29798933829,109777.73798933827,2.629301327501864
2026-03-29,-195.25139999999882,109777.73798933827,109582.48658933828,-0.17786065150929037
2026-03-30,1615.5188687795749,109582.48658933828,111198.00545811786,1.4742491424142907
2026-03-31,2212.726691699264,111198.00545811786,113410.73214981712,1.9898978246805656
2026-04-01,-1723.7814613551109,113410.73214981712,111686.950688462,-1.5199456247914633
2026-04-02,-3358.4870050748204,111686.950688462,108328.46368338719,-3.0070540778241286
2026-04-05,-1279.3044000000011,108328.46368338719,107049.15928338718,-1.1809494536348621
2026-04-06,-1612.9982544209756,107049.15928338718,105436.1610289662,-1.506782739088073
2026-04-07,2917.9369999999785,105436.1610289662,108354.0980289662,2.7674916949966923
2026-04-08,762.2774999999972,108354.0980289662,109116.3755289662,0.7035059253561581
2026-04-09,-1884.389977844084,109116.3755289662,107231.9855511221,-1.7269543354139827
2026-04-10,1565.4661059748878,107231.9855511221,108797.45165709699,1.4598872695764482
2026-04-12,94.53759999998846,108797.45165709699,108891.98925709698,0.0868932117067851
2026-04-13,89.8038000000073,108891.98925709698,108981.79305709699,0.0824705293866733
2026-04-14,1524.4225000000124,108981.79305709699,110506.21555709699,1.398786400221317
2026-04-15,-305.7656000000288,110506.21555709699,110200.44995709698,-0.27669538628082335
2026-04-16,-2448.0291818677,110200.44995709698,107752.42077522927,-2.2214330184865507
2026-04-17,187.27999999996905,107752.42077522927,107939.70077522924,0.1738058399547549
2026-04-19,-2375.0557000000017,107939.70077522924,105564.64507522924,-2.200354163428482
2026-04-20,-1607.6444841466453,105564.64507522924,103957.00059108259,-1.5229004777129491
2026-04-21,-2623.3775662225685,103957.00059108259,101333.62302486002,-2.5235217939210157
2026-04-22,2006.8384113266263,101333.62302486002,103340.46143618666,1.9804269811159243
2026-04-23,-197.20843541244403,103340.46143618666,103143.2530007742,-0.1908337089574749
2026-04-24,453.6557041849187,103143.2530007742,103596.90870495912,0.4398307121276401
2026-04-27,-849.8495000000127,103596.90870495912,102747.0592049591,-0.8203425281929584
2026-04-28,336.70390705775276,102747.0592049591,103083.76311201687,0.32770174607732394
2026-04-29,-1084.203527430238,103083.76311201687,101999.55958458663,-1.0517694491343692
2026-04-30,-733.4270142813388,101999.55958458663,101266.13257030529,-0.7190491971419928
2026-05-01,1829.7396000000035,101266.13257030529,103095.87217030529,1.8068623275700628
2026-05-04,1071.97258854084,103095.87217030529,104167.84475884613,1.039782258954108
2026-05-05,941.9516000000175,104167.84475884613,105109.79635884616,0.904263309066904
2026-05-06,2258.6097982966917,105109.79635884616,107368.40615714285,2.1488099839769164
2026-05-07,1572.9885175655943,107368.40615714285,108941.39467470844,1.4650385284320893
2026-05-08,-557.6499999999959,108941.39467470844,108383.74467470843,-0.5118807241867067
2026-05-11,-1088.9405526669295,108383.74467470843,107294.8041220415,-1.0047083683398845
2026-05-12,-2697.9321949756763,107294.8041220415,104596.87192706583,-2.514504049895033
2026-05-13,-1585.7793691309275,104596.87192706583,103011.0925579349,-1.5160868006040111
2026-05-14,1513.925219394746,103011.0925579349,104525.01777732965,1.4696720341484515
2026-05-15,-289.1658931657791,104525.01777732965,104235.85188416387,-0.2766475426790083
2026-05-16,1231.9719999999986,104235.85188416387,105467.82388416387,1.1819081225230212
2026-05-17,-444.48299999999495,105467.82388416387,105023.34088416387,-0.4214394339719895
2026-05-18,891.4824107917443,105023.34088416387,105914.82329495563,0.8488421747838037
2026-05-19,-3688.7689528479177,105914.82329495563,102226.0543421077,-3.482769302815427
2026-05-20,-65.75142860755773,102226.0543421077,102160.30291350014,-0.06431963850185912
2026-05-21,-1547.4400495154978,102160.30291350014,100612.86286398464,-1.5147175618945905
2026-05-22,1487.2642217962893,100612.86286398464,102100.12708578094,1.4782048531974237
2026-05-23,219.74710000000096,102100.12708578094,102319.87418578094,0.21522705825368577
2026-05-25,-1818.9390185345105,102319.87418578094,100500.93516724643,-1.777698646532623
2026-05-26,627.3326899999723,100500.93516724643,101128.2678572464,0.6242058235139906
2026-05-27,-513.869999999974,101128.2678572464,100614.39785724643,-0.5081368551920197
2026-05-28,-1844.3483124998218,100614.39785724643,98770.04954474661,-1.8330858721796628
2026-05-29,-2061.689252922948,98770.04954474661,96708.36029182366,-2.087362780950033
2026-06-01,298.93958949065336,96708.36029182366,97007.2998813143,0.3091145259712646
2026-06-02,-563.7385682159038,97007.2998813143,96443.5613130984,-0.5811300478475558
2026-06-03,1422.3401944966222,96443.5613130984,97865.90150759503,1.4747902038572358
2026-06-04,-33.66003566583004,97865.90150759503,97832.2414719292,-0.034394038319074595
2026-06-05,-501.01999999999623,97832.2414719292,97331.2214719292,-0.5121215587641962
2026-06-07,6382.899499999998,97331.2214719292,103714.1209719292,6.5579157473543646
2026-06-08,2065.0998624248173,103714.1209719292,105779.22083435401,1.9911462808268394
2026-06-09,-1856.3618863796885,105779.22083435401,103922.85894797432,-1.7549400267247914
2026-06-10,-451.1914091405631,103922.85894797432,103471.66753883376,-0.4341599275732375
2026-06-11,-53.92572658631025,103471.66753883376,103417.74181224745,-0.05211641782623391
2026-06-12,-2131.2095522141253,103417.74181224745,101286.53226003333,-2.060777498007342
2026-06-14,-545.4433000000099,101286.53226003333,100741.08896003332,-0.5385151291384832
2026-06-15,2272.3755999999635,100741.08896003332,103013.46456003329,2.2556591589966586
2026-06-16,2150.867140493427,103013.46456003329,105164.3317005267,2.0879475801340157
2026-06-17,-1662.1126039026415,105164.3317005267,103502.21909662407,-1.580490815684342
2026-06-18,-31.96072404088636,103502.21909662407,103470.25837258318,-0.03087926454122646
2026-06-19,1190.0856000000022,103470.25837258318,104660.34397258318,1.150171671278384
2026-06-20,-687.3299999999958,104660.34397258318,103973.01397258318,-0.6567243847202038
2026-06-21,-825.7352000000046,103973.01397258318,103147.27877258319,-0.794182229071232
2026-06-22,-850.4284999999974,103147.27877258319,102296.85027258318,-0.8244798215908372
2026-06-23,-2554.568613806304,102296.85027258318,99742.28165877688,-2.4972114068021893
2026-06-24,930.2160328313007,99742.28165877688,100672.49769160818,0.9326195645028599
2026-06-25,601.1642999999981,100672.49769160818,101273.66199160818,0.5971484901880106
2026-06-26,-893.6290178025845,101273.66199160818,100380.0329738056,-0.8823903473310101
2026-06-29,-4292.4242316492155,100380.0329738056,96087.60874215639,-4.276173362853282
2026-06-30,-488.85000000000707,96087.60874215639,95598.75874215638,-0.5087544652212107
2026-07-01,305.1797709300781,95598.75874215638,95903.93851308645,0.31922984664810544
2026-07-02,-2398.0871962464166,95903.93851308645,93505.85131684004,-2.5005096072453674
2026-07-06,2776.570030048927,93505.85131684004,96282.42134688896,2.969407786728399
2026-07-07,-488.08500000000146,96282.42134688896,95794.33634688896,-0.5069305416006473
2026-07-08,-28.63715220477934,95794.33634688896,95765.69919468419,-0.029894410564189237
2026-07-09,431.2491227353489,95765.69919468419,96196.94831741953,0.45031689463119057
2026-07-10,-549.5577374989393,96196.94831741953,95647.3905799206,-0.5712839618212965
2026-07-11,816.8000000000029,95647.3905799206,96464.1905799206,0.853969977693751
2026-07-12,-520.3601999999872,96464.1905799206,95943.8303799206,-0.539433541992838
2026-07-13,2871.600445207594,95943.8303799206,98815.4308251282,2.9930016696608464
2026-07-14,-332.9354780420068,98815.4308251282,98482.4953470862,-0.33692660676771874
2026-07-15,-502.09000000000583,98482.4953470862,97980.40534708618,-0.509826643029777
2026-07-16,1281.1205468700482,97980.40534708618,99261.52589395623,1.3075272982713244
2026-07-17,-1180.328037563415,99261.52589395623,98081.19785639283,-1.189109301850136
2026-07-19,-1638.1899000000017,98081.19785639283,96443.00795639282,-1.6702384715963439
2026-07-20,-2997.5094679525705,96443.00795639282,93445.49848844025,-3.1080630223685155
2026-07-21,-947.7180083855858,93445.49848844025,92497.78048005466,-1.0141933252170772
2026-07-22,1271.890500000014,92497.78048005466,93769.67098005468,1.3750497508145858
2026-07-23,933.3599999999999,93769.67098005468,94703.03098005468,0.9953751466170023
2026-07-24,2841.482736859145,94703.03098005468,97544.51371691382,3.000413722193947
2026-07-25,-267.9583000000052,97544.51371691382,97276.55541691382,-0.27470360944917227
2026-07-26,-559.817400000002,97276.55541691382,96716.73801691382,-0.5754905666639841
2026-07-27,-758.5528000000211,96716.73801691382,95958.1852169138,-0.7843035399595109
2026-07-28,-499.54699577288216,95958.1852169138,95458.6382211409,-0.5205882068774587
2026-07-29,603.5911170225238,95458.6382211409,96062.22933816344,0.632306440014612
2026-07-30,624.0299999999897,96062.22933816344,96686.25933816342,0.6496101582269611
2026-07-31,961.7849999999903,96686.25933816342,97648.04433816341,0.9947483816041689
2026-08-02,2074.4359999999906,97648.04433816341,99722.48033816341,2.1244009688673784
2026-08-03,-2502.5726408340406,99722.48033816341,97219.90769732937,-2.5095370997068107
2026-08-04,-1286.6992999999957,97219.90769732937,95933.20839732936,-1.3234936449495738
2026-08-05,-21.9754989331891,95933.20839732936,95911.23289839618,-0.02290708222972439
2026-08-06,-479.32499999997964,95911.23289839618,95431.9078983962,-0.49975898079399506
2026-08-07,-979.7909139195707,95431.9078983962,94452.11698447663,-1.0266911093957463
2026-08-10,1000.1573791633384,94452.11698447663,95452.27436363997,1.058904142220249
2026-08-11,1731.596933050893,95452.27436363997,97183.87129669086,1.8140970915518588
2026-08-12,-1442.5308735518668,97183.87129669086,95741.340423139,-1.4843315606845817
2026-08-13,-491.19000000001375,95741.340423139,95250.15042313898,-0.513038566025029
2026-08-14,-33.49524009538845,95250.15042313898,95216.6551830436,-0.03516555086431811
2026-08-17,1398.9073452806829,95216.6551830436,96615.56252832427,1.469183455973576
2026-08-18,-488.28999999997654,96615.56252832427,96127.2725283243,-0.5053947699748963
2026-08-19,-3149.594797751974,96127.2725283243,92977.67773057232,-3.2764840975009797
2026-08-20,-968.4774259484782,92977.67773057232,92009.20030462384,-1.0416235913687804
2026-08-21,913.1400000000026,92009.20030462384,92922.34030462385,0.9924442305517067
2026-08-22,34412.529,92922.34030462385,127334.86930462385,37.03364431759541
2026-08-23,-848.3211999999985,127334.86930462385,126486.54810462386,-0.6662128014366242
2026-08-24,-1905.2951186786247,126486.54810462386,124581.25298594523,-1.5063223301047413
2026-08-25,-1372.140136393014,124581.25298594523,123209.11284955221,-1.1014017787634656
2026-08-26,2343.2040893124185,123209.11284955221,125552.31693886463,1.9018106981856533
2026-08-27,593.0926485951295,125552.31693886463,126145.40958745976,0.4723868607569583
2026-08-28,-3173.1048666168545,126145.40958745976,122972.3047208429,-2.5154342730298573
2026-08-29,-482.5899999999965,122972.3047208429,122489.71472084291,-0.3924379567379134
2026-08-31,-2134.693721719899,122489.71472084291,120355.02099912302,-1.7427534438992847
2026-09-01,-1252.7765722360973,120355.02099912302,119102.24442688691,-1.0409009626987027
