,pnl,equity_start,equity_end,pct,pnl_BTC,pnl_US100,pnl_GOLD,trades
2024-01,1891.5105663743439,100000.0,101891.51056637435,1.8915105663743441,-1065.9202999999966,3333.1728663744752,-375.7420000001349,62
2024-02,1932.2884015105637,101891.51056637435,103823.79896788491,1.8964174647816503,4751.496600000002,-1782.0091984894925,-1037.1989999999462,59
2024-03,1197.7462167274896,103823.79896788491,105021.54518461239,1.1536335875149204,-791.3101999999941,-3522.6385832726614,5511.695000000145,56
2024-04,-9991.31160086604,105021.54518461239,95030.23358374636,-9.513582744667094,673.9287000000041,-10357.949300866047,-307.290999999997,62
2024-05,5051.922755309529,95030.23358374636,100082.15633905589,5.31612158025211,1369.6605000000054,2769.142255309427,913.120000000096,65
2024-06,-1256.958226255152,100082.15633905589,98825.19811280073,-1.255926403101128,800.9409999999973,-3772.899226255093,1714.9999999999432,60
2024-07,2770.5924867989847,98825.19811280073,101595.79059959971,2.803528391247528,1023.0784999999992,2613.7609867989445,-866.2469999999593,73
2024-08,-2888.471264389034,101595.79059959971,98707.31933521069,-2.843101320775011,3013.8906,-8660.697864389043,2758.3360000000093,73
2024-09,878.4393482780434,98707.31933521069,99585.75868348873,0.8899434755135611,-1711.1698000000035,2826.091148278,-236.48199999995325,64
2024-10,-92.53528861214579,99585.75868348873,99493.22339487658,-0.09292020248221304,2406.0855000000056,-858.6087886121201,-1640.0120000000315,59
2024-11,2699.8703541516893,99493.22339487658,102193.09374902827,2.7136223574104443,209.04690000000303,1675.876454151789,814.9469999998968,58
2024-12,9331.558045764323,102193.09374902827,111524.65179479259,9.131300074622757,-386.15889999999894,8471.796945764367,1245.9199999999548,54
2025-01,-3302.9046383160558,111524.65179479259,108221.74715647654,-2.961591527219884,-710.1593999999941,-1458.0922383161815,-1134.6529999998797,63
2025-02,-1990.1351680689186,108221.74715647654,106231.61198840762,-1.8389420059827768,3313.5426000000098,-5682.527768068913,378.8499999999848,49
2025-03,538.4339741782248,106231.61198840762,106770.04596258585,0.5068491046120817,-889.116199999998,-228.68282582181166,1656.2330000000352,60
2025-04,-6051.425884410468,106770.04596258585,100718.62007817537,-5.667718721907264,-56.59960000000035,-5521.552284410474,-473.2739999999929,56
2025-05,10410.369906885096,100718.62007817537,111128.98998506047,10.336092669662092,-248.61699999999217,6602.335906885125,4056.6509999999644,53
2025-06,138.44555945332274,111128.98998506047,111267.43554451379,0.12458095720291758,-571.9633999999982,-99.13304054668288,809.5420000000032,53
2025-07,640.693445367489,111267.43554451379,111908.12898988128,0.5758139766878804,-1538.034099999998,1816.4495453674886,362.2779999999985,67
2025-08,-740.7545821238135,111908.12898988128,111167.37440775747,-0.6619309864351253,-2773.6509999999957,2827.2264178762234,-794.3300000000417,63
2025-09,-4215.3603084228,111167.37440775747,106952.01409933467,-3.7919041723168054,-160.43489999998144,-3626.1804084228484,-428.74499999997,55
2025-10,6273.1311652423465,106952.01409933467,113225.14526457702,5.865369827833257,2987.691200000006,1805.6989652423433,1479.7409999999966,61
2025-11,-2033.6739497182484,113225.14526457702,111191.47131485876,-1.796132780369673,259.64899999999307,-246.1459497182732,-2047.1769999999683,55
2025-12,-723.1060317016693,111191.47131485876,110468.3652831571,-0.6503250862236221,-188.17109999999332,1781.3160682983264,-2316.251000000002,64
2026-01,-5492.787779956736,110468.3652831571,104975.57750320036,-4.97227216667631,-654.0504000000076,-4001.7993799567776,-836.9379999999508,55
2026-02,-2615.6738422807666,104975.57750320036,102359.9036609196,-2.4916975019270775,1908.9584000000023,-3118.3372422807756,-1406.2949999999928,57
2026-03,551.3400324137885,102359.9036609196,102911.24369333338,0.5386289090698773,413.9888000000016,1646.5172324138086,-1509.166000000022,50
2026-04,-4822.653632689129,102911.24369333338,98088.59006064426,-4.686226168891924,-1273.8673000000103,-4225.333332689099,676.5469999999805,58
2026-05,-2107.454104310812,98088.59006064426,95981.13595633344,-2.1485211511429183,11.729999999999308,-1340.1831043108193,-779.0009999999918,59
2026-06,-930.4018446946907,95981.13595633344,95050.73411163875,-0.969359067721366,1043.8412999999962,-2648.428144694697,674.1850000000098,67
2026-07,2325.9690500014044,95050.73411163875,97376.70316164017,2.4470816261866144,-2027.9064000000008,3636.0254500014635,717.8499999999419,60
2026-08,5859.793782830639,97376.70316164017,103236.4969444708,6.01765472908206,10519.04169999999,-4793.13791716937,133.89000000001693,56
2026-09,-535.2933675927052,103236.4969444708,102701.20357687809,-0.5185117506269422,0.0,-1049.7333675926998,514.4399999999947,3
