profile_id,composite_score,6m_sharpe,6m_mdd_pct,6m_trades,6m_pnl,1y_sharpe,1y_mdd_pct,1y_trades,1y_pnl,2.5y_sharpe,2.5y_mdd_pct,2.5y_trades,2.5y_pnl
omni_breakout|anti_martingale|volume_spike_gate|no_pyramid|atr_dynamic_trail|day_of_week|US100.cash,2.1278436879186082,3.241492214737469,0.03210419266542464,78,11870.014272500348,4.563283052347758,0.0320998323255771,152,51618.947025715184,4.638883281372714,0.03210114223437594,409,297344.25553285924
omni_breakout|anti_martingale|stop_order_at_range|no_pyramid|atr_dynamic_trail|day_of_week|US100.cash,2.1278436879186082,3.241492214737469,0.03210419266542464,78,11870.014272500348,4.563283052347758,0.0320998323255771,152,51618.947025715184,4.638883281372714,0.03210114223437594,409,297344.25553285924
omni_breakout|fixed_low|volume_spike_gate|risk_free_runner|atr_dynamic_trail|day_of_week|US100.cash,2.1209731261222005,3.1228999504612593,0.024015714633807795,78,8193.641978928692,4.416586975613329,0.024013955532827973,152,54225.38743535765,4.798786668389906,0.024012287309242403,409,296486.0378653591
omni_breakout|fixed_low|volume_spike_gate|no_pyramid|atr_dynamic_trail|day_of_week|US100.cash,2.1209731261222005,3.1228999504612593,0.024015714633807795,78,8193.641978928692,4.416586975613329,0.024013955532827973,152,54225.38743535765,4.798786668389906,0.024012287309242403,409,296486.0378653591
omni_breakout|fixed_low|volume_spike_gate|momentum_confirmed|atr_dynamic_trail|day_of_week|US100.cash,2.1209731261222005,3.1228999504612593,0.024015714633807795,78,8193.641978928692,4.416586975613329,0.024013955532827973,152,54225.38743535765,4.798786668389906,0.024012287309242403,409,296486.0378653591
omni_breakout|fixed_low|volume_spike_gate|inverse_pyramid|atr_dynamic_trail|day_of_week|US100.cash,2.1209731261222005,3.1228999504612593,0.024015714633807795,78,8193.641978928692,4.416586975613329,0.024013955532827973,152,54225.38743535765,4.798786668389906,0.024012287309242403,409,296486.0378653591
omni_breakout|fixed_low|volume_spike_gate|front_loaded|atr_dynamic_trail|day_of_week|US100.cash,2.1209731261222005,3.1228999504612593,0.024015714633807795,78,8193.641978928692,4.416586975613329,0.024013955532827973,152,54225.38743535765,4.798786668389906,0.024012287309242403,409,296486.0378653591
omni_breakout|fixed_low|volume_spike_gate|equal_split|atr_dynamic_trail|day_of_week|US100.cash,2.1209731261222005,3.1228999504612593,0.024015714633807795,78,8193.641978928692,4.416586975613329,0.024013955532827973,152,54225.38743535765,4.798786668389906,0.024012287309242403,409,296486.0378653591
omni_breakout|fixed_low|volume_spike_gate|adaptive_tranche|atr_dynamic_trail|day_of_week|US100.cash,2.1209731261222005,3.1228999504612593,0.024015714633807795,78,8193.641978928692,4.416586975613329,0.024013955532827973,152,54225.38743535765,4.798786668389906,0.024012287309242403,409,296486.0378653591
omni_breakout|fixed_low|stop_order_at_range|risk_free_runner|atr_dynamic_trail|day_of_week|US100.cash,2.1209731261222005,3.1228999504612593,0.024015714633807795,78,8193.641978928692,4.416586975613329,0.024013955532827973,152,54225.38743535765,4.798786668389906,0.024012287309242403,409,296486.0378653591
omni_breakout|fixed_low|stop_order_at_range|no_pyramid|atr_dynamic_trail|day_of_week|US100.cash,2.1209731261222005,3.1228999504612593,0.024015714633807795,78,8193.641978928692,4.416586975613329,0.024013955532827973,152,54225.38743535765,4.798786668389906,0.024012287309242403,409,296486.0378653591
omni_breakout|fixed_low|stop_order_at_range|momentum_confirmed|atr_dynamic_trail|day_of_week|US100.cash,2.1209731261222005,3.1228999504612593,0.024015714633807795,78,8193.641978928692,4.416586975613329,0.024013955532827973,152,54225.38743535765,4.798786668389906,0.024012287309242403,409,296486.0378653591
omni_breakout|fixed_low|stop_order_at_range|inverse_pyramid|atr_dynamic_trail|day_of_week|US100.cash,2.1209731261222005,3.1228999504612593,0.024015714633807795,78,8193.641978928692,4.416586975613329,0.024013955532827973,152,54225.38743535765,4.798786668389906,0.024012287309242403,409,296486.0378653591
omni_breakout|fixed_low|stop_order_at_range|front_loaded|atr_dynamic_trail|day_of_week|US100.cash,2.1209731261222005,3.1228999504612593,0.024015714633807795,78,8193.641978928692,4.416586975613329,0.024013955532827973,152,54225.38743535765,4.798786668389906,0.024012287309242403,409,296486.0378653591
omni_breakout|fixed_low|stop_order_at_range|equal_split|atr_dynamic_trail|day_of_week|US100.cash,2.1209731261222005,3.1228999504612593,0.024015714633807795,78,8193.641978928692,4.416586975613329,0.024013955532827973,152,54225.38743535765,4.798786668389906,0.024012287309242403,409,296486.0378653591
omni_breakout|fixed_low|stop_order_at_range|adaptive_tranche|atr_dynamic_trail|day_of_week|US100.cash,2.1209731261222005,3.1228999504612593,0.024015714633807795,78,8193.641978928692,4.416586975613329,0.024013955532827973,152,54225.38743535765,4.798786668389906,0.024012287309242403,409,296486.0378653591
omni_breakout|aggressive_flat|volume_spike_gate|no_pyramid|atr_dynamic_trail|day_of_week|US100.cash,2.1085364924698933,3.122971859631295,0.050966477968452724,78,18074.354082500337,4.416741794948947,0.05096645043632121,152,148112.04455000162,4.79876616384384,0.050965663426689074,409,1693326.1424596545
omni_breakout|aggressive_flat|stop_order_at_range|no_pyramid|atr_dynamic_trail|day_of_week|US100.cash,2.1085364924698933,3.122971859631295,0.050966477968452724,78,18074.354082500337,4.416741794948947,0.05096645043632121,152,148112.04455000162,4.79876616384384,0.050965663426689074,409,1693326.1424596545
omni_breakout|equity_curve|volume_spike_gate|no_pyramid|atr_dynamic_trail|day_of_week|US100.cash,2.106667671059092,3.365378746041321,0.02250411291648686,78,10917.438436428565,4.3103155549735375,0.02250599221714648,152,75356.86677571482,4.53640776433749,0.022503610198188917,409,446609.6870585735
omni_breakout|equity_curve|stop_order_at_range|no_pyramid|atr_dynamic_trail|day_of_week|US100.cash,2.106667671059092,3.365378746041321,0.02250411291648686,78,10917.438436428565,4.3103155549735375,0.02250599221714648,152,75356.86677571482,4.53640776433749,0.022503610198188917,409,446609.6870585735
omni_breakout|volatility_scaled|volume_spike_gate|no_pyramid|atr_dynamic_trail|day_of_week|US100.cash,2.10133947535345,3.123062066804141,0.06754434195472866,78,24530.533226071944,4.416731685487573,0.0675460055219873,152,230700.30610035994,4.798760725759217,0.06754588008770156,409,4356659.750128605
omni_breakout|volatility_scaled|stop_order_at_range|no_pyramid|atr_dynamic_trail|day_of_week|US100.cash,2.10133947535345,3.123062066804141,0.06754434195472866,78,24530.533226071944,4.416731685487573,0.0675460055219873,152,230700.30610035994,4.798760725759217,0.06754588008770156,409,4356659.750128605
omni_breakout|conservative_ramp|volume_spike_gate|risk_free_runner|atr_dynamic_trail|day_of_week|US100.cash,2.0796977056886687,2.9369947811728867,0.03997784952223794,78,14269.59653428627,4.382613096489163,0.05096560228893238,152,145316.09194035872,4.797982109549507,0.050965643429794406,409,1671864.7355803687
omni_breakout|conservative_ramp|volume_spike_gate|no_pyramid|atr_dynamic_trail|day_of_week|US100.cash,2.0796977056886687,2.9369947811728867,0.03997784952223794,78,14269.59653428627,4.382613096489163,0.05096560228893238,152,145316.09194035872,4.797982109549507,0.050965643429794406,409,1671864.7355803687
omni_breakout|conservative_ramp|volume_spike_gate|momentum_confirmed|atr_dynamic_trail|day_of_week|US100.cash,2.0796977056886687,2.9369947811728867,0.03997784952223794,78,14269.59653428627,4.382613096489163,0.05096560228893238,152,145316.09194035872,4.797982109549507,0.050965643429794406,409,1671864.7355803687
omni_breakout|conservative_ramp|volume_spike_gate|inverse_pyramid|atr_dynamic_trail|day_of_week|US100.cash,2.0796977056886687,2.9369947811728867,0.03997784952223794,78,14269.59653428627,4.382613096489163,0.05096560228893238,152,145316.09194035872,4.797982109549507,0.050965643429794406,409,1671864.7355803687
omni_breakout|conservative_ramp|volume_spike_gate|front_loaded|atr_dynamic_trail|day_of_week|US100.cash,2.0796977056886687,2.9369947811728867,0.03997784952223794,78,14269.59653428627,4.382613096489163,0.05096560228893238,152,145316.09194035872,4.797982109549507,0.050965643429794406,409,1671864.7355803687
omni_breakout|conservative_ramp|volume_spike_gate|equal_split|atr_dynamic_trail|day_of_week|US100.cash,2.0796977056886687,2.9369947811728867,0.03997784952223794,78,14269.59653428627,4.382613096489163,0.05096560228893238,152,145316.09194035872,4.797982109549507,0.050965643429794406,409,1671864.7355803687
omni_breakout|conservative_ramp|volume_spike_gate|adaptive_tranche|atr_dynamic_trail|day_of_week|US100.cash,2.0796977056886687,2.9369947811728867,0.03997784952223794,78,14269.59653428627,4.382613096489163,0.05096560228893238,152,145316.09194035872,4.797982109549507,0.050965643429794406,409,1671864.7355803687
omni_breakout|conservative_ramp|stop_order_at_range|risk_free_runner|atr_dynamic_trail|day_of_week|US100.cash,2.0796977056886687,2.9369947811728867,0.03997784952223794,78,14269.59653428627,4.382613096489163,0.05096560228893238,152,145316.09194035872,4.797982109549507,0.050965643429794406,409,1671864.7355803687
omni_breakout|conservative_ramp|stop_order_at_range|no_pyramid|atr_dynamic_trail|day_of_week|US100.cash,2.0796977056886687,2.9369947811728867,0.03997784952223794,78,14269.59653428627,4.382613096489163,0.05096560228893238,152,145316.09194035872,4.797982109549507,0.050965643429794406,409,1671864.7355803687
omni_breakout|conservative_ramp|stop_order_at_range|momentum_confirmed|atr_dynamic_trail|day_of_week|US100.cash,2.0796977056886687,2.9369947811728867,0.03997784952223794,78,14269.59653428627,4.382613096489163,0.05096560228893238,152,145316.09194035872,4.797982109549507,0.050965643429794406,409,1671864.7355803687
omni_breakout|conservative_ramp|stop_order_at_range|inverse_pyramid|atr_dynamic_trail|day_of_week|US100.cash,2.0796977056886687,2.9369947811728867,0.03997784952223794,78,14269.59653428627,4.382613096489163,0.05096560228893238,152,145316.09194035872,4.797982109549507,0.050965643429794406,409,1671864.7355803687
omni_breakout|conservative_ramp|stop_order_at_range|front_loaded|atr_dynamic_trail|day_of_week|US100.cash,2.0796977056886687,2.9369947811728867,0.03997784952223794,78,14269.59653428627,4.382613096489163,0.05096560228893238,152,145316.09194035872,4.797982109549507,0.050965643429794406,409,1671864.7355803687
omni_breakout|conservative_ramp|stop_order_at_range|equal_split|atr_dynamic_trail|day_of_week|US100.cash,2.0796977056886687,2.9369947811728867,0.03997784952223794,78,14269.59653428627,4.382613096489163,0.05096560228893238,152,145316.09194035872,4.797982109549507,0.050965643429794406,409,1671864.7355803687
omni_breakout|conservative_ramp|stop_order_at_range|adaptive_tranche|atr_dynamic_trail|day_of_week|US100.cash,2.0796977056886687,2.9369947811728867,0.03997784952223794,78,14269.59653428627,4.382613096489163,0.05096560228893238,152,145316.09194035872,4.797982109549507,0.050965643429794406,409,1671864.7355803687
omni_breakout|kelly_criterion|volume_spike_gate|no_pyramid|atr_dynamic_trail|day_of_week|US100.cash,1.9142908033436628,2.2008249637137673,0.05329978711719249,78,12787.091641071995,4.089464927595609,0.06754596160957049,152,194970.56549786,4.6538825622559195,0.06754592123507752,409,3174607.2921039523
omni_breakout|kelly_criterion|stop_order_at_range|no_pyramid|atr_dynamic_trail|day_of_week|US100.cash,1.9142908033436628,2.2008249637137673,0.05329978711719249,78,12787.091641071995,4.089464927595609,0.06754596160957049,152,194970.56549786,4.6538825622559195,0.06754592123507752,409,3174607.2921039523
omni_breakout|fixed_low|volume_spike_gate|risk_free_runner|atr_dynamic_trail|spread_gate|US100.cash,1.8750839745489347,1.410436332668344,0.03803257773034942,128,5558.310339285867,4.478838178032564,0.038034249427141745,251,102848.9693971438,4.656455347408073,0.03803321429041267,681,737654.7503435714
omni_breakout|fixed_low|volume_spike_gate|risk_free_runner|atr_dynamic_trail|none|US100.cash,1.8750839745489347,1.410436332668344,0.03803257773034942,128,5558.310339285867,4.478838178032564,0.038034249427141745,251,102848.9693971438,4.656455347408073,0.03803321429041267,681,737654.7503435714
omni_breakout|fixed_low|volume_spike_gate|no_pyramid|atr_dynamic_trail|spread_gate|US100.cash,1.8750839745489347,1.410436332668344,0.03803257773034942,128,5558.310339285867,4.478838178032564,0.038034249427141745,251,102848.9693971438,4.656455347408073,0.03803321429041267,681,737654.7503435714
omni_breakout|fixed_low|volume_spike_gate|no_pyramid|atr_dynamic_trail|none|US100.cash,1.8750839745489347,1.410436332668344,0.03803257773034942,128,5558.310339285867,4.478838178032564,0.038034249427141745,251,102848.9693971438,4.656455347408073,0.03803321429041267,681,737654.7503435714
omni_breakout|fixed_low|volume_spike_gate|momentum_confirmed|atr_dynamic_trail|spread_gate|US100.cash,1.8750839745489347,1.410436332668344,0.03803257773034942,128,5558.310339285867,4.478838178032564,0.038034249427141745,251,102848.9693971438,4.656455347408073,0.03803321429041267,681,737654.7503435714
omni_breakout|fixed_low|volume_spike_gate|momentum_confirmed|atr_dynamic_trail|none|US100.cash,1.8750839745489347,1.410436332668344,0.03803257773034942,128,5558.310339285867,4.478838178032564,0.038034249427141745,251,102848.9693971438,4.656455347408073,0.03803321429041267,681,737654.7503435714
omni_breakout|fixed_low|volume_spike_gate|inverse_pyramid|atr_dynamic_trail|spread_gate|US100.cash,1.8750839745489347,1.410436332668344,0.03803257773034942,128,5558.310339285867,4.478838178032564,0.038034249427141745,251,102848.9693971438,4.656455347408073,0.03803321429041267,681,737654.7503435714
omni_breakout|fixed_low|volume_spike_gate|inverse_pyramid|atr_dynamic_trail|none|US100.cash,1.8750839745489347,1.410436332668344,0.03803257773034942,128,5558.310339285867,4.478838178032564,0.038034249427141745,251,102848.9693971438,4.656455347408073,0.03803321429041267,681,737654.7503435714
omni_breakout|fixed_low|volume_spike_gate|front_loaded|atr_dynamic_trail|spread_gate|US100.cash,1.8750839745489347,1.410436332668344,0.03803257773034942,128,5558.310339285867,4.478838178032564,0.038034249427141745,251,102848.9693971438,4.656455347408073,0.03803321429041267,681,737654.7503435714
omni_breakout|fixed_low|volume_spike_gate|front_loaded|atr_dynamic_trail|none|US100.cash,1.8750839745489347,1.410436332668344,0.03803257773034942,128,5558.310339285867,4.478838178032564,0.038034249427141745,251,102848.9693971438,4.656455347408073,0.03803321429041267,681,737654.7503435714
omni_breakout|fixed_low|volume_spike_gate|equal_split|atr_dynamic_trail|spread_gate|US100.cash,1.8750839745489347,1.410436332668344,0.03803257773034942,128,5558.310339285867,4.478838178032564,0.038034249427141745,251,102848.9693971438,4.656455347408073,0.03803321429041267,681,737654.7503435714
omni_breakout|fixed_low|volume_spike_gate|equal_split|atr_dynamic_trail|none|US100.cash,1.8750839745489347,1.410436332668344,0.03803257773034942,128,5558.310339285867,4.478838178032564,0.038034249427141745,251,102848.9693971438,4.656455347408073,0.03803321429041267,681,737654.7503435714
omni_breakout|fixed_low|volume_spike_gate|adaptive_tranche|atr_dynamic_trail|spread_gate|US100.cash,1.8750839745489347,1.410436332668344,0.03803257773034942,128,5558.310339285867,4.478838178032564,0.038034249427141745,251,102848.9693971438,4.656455347408073,0.03803321429041267,681,737654.7503435714
omni_breakout|fixed_low|volume_spike_gate|adaptive_tranche|atr_dynamic_trail|none|US100.cash,1.8750839745489347,1.410436332668344,0.03803257773034942,128,5558.310339285867,4.478838178032564,0.038034249427141745,251,102848.9693971438,4.656455347408073,0.03803321429041267,681,737654.7503435714
omni_breakout|fixed_low|stop_order_at_range|risk_free_runner|atr_dynamic_trail|spread_gate|US100.cash,1.8750839745489347,1.410436332668344,0.03803257773034942,128,5558.310339285867,4.478838178032564,0.038034249427141745,251,102848.9693971438,4.656455347408073,0.03803321429041267,681,737654.7503435714
omni_breakout|fixed_low|stop_order_at_range|risk_free_runner|atr_dynamic_trail|none|US100.cash,1.8750839745489347,1.410436332668344,0.03803257773034942,128,5558.310339285867,4.478838178032564,0.038034249427141745,251,102848.9693971438,4.656455347408073,0.03803321429041267,681,737654.7503435714
omni_breakout|fixed_low|stop_order_at_range|no_pyramid|atr_dynamic_trail|spread_gate|US100.cash,1.8750839745489347,1.410436332668344,0.03803257773034942,128,5558.310339285867,4.478838178032564,0.038034249427141745,251,102848.9693971438,4.656455347408073,0.03803321429041267,681,737654.7503435714
omni_breakout|fixed_low|stop_order_at_range|no_pyramid|atr_dynamic_trail|none|US100.cash,1.8750839745489347,1.410436332668344,0.03803257773034942,128,5558.310339285867,4.478838178032564,0.038034249427141745,251,102848.9693971438,4.656455347408073,0.03803321429041267,681,737654.7503435714
omni_breakout|fixed_low|stop_order_at_range|momentum_confirmed|atr_dynamic_trail|spread_gate|US100.cash,1.8750839745489347,1.410436332668344,0.03803257773034942,128,5558.310339285867,4.478838178032564,0.038034249427141745,251,102848.9693971438,4.656455347408073,0.03803321429041267,681,737654.7503435714
omni_breakout|fixed_low|stop_order_at_range|momentum_confirmed|atr_dynamic_trail|none|US100.cash,1.8750839745489347,1.410436332668344,0.03803257773034942,128,5558.310339285867,4.478838178032564,0.038034249427141745,251,102848.9693971438,4.656455347408073,0.03803321429041267,681,737654.7503435714
omni_breakout|fixed_low|stop_order_at_range|inverse_pyramid|atr_dynamic_trail|spread_gate|US100.cash,1.8750839745489347,1.410436332668344,0.03803257773034942,128,5558.310339285867,4.478838178032564,0.038034249427141745,251,102848.9693971438,4.656455347408073,0.03803321429041267,681,737654.7503435714
omni_breakout|fixed_low|stop_order_at_range|inverse_pyramid|atr_dynamic_trail|none|US100.cash,1.8750839745489347,1.410436332668344,0.03803257773034942,128,5558.310339285867,4.478838178032564,0.038034249427141745,251,102848.9693971438,4.656455347408073,0.03803321429041267,681,737654.7503435714
omni_breakout|fixed_low|stop_order_at_range|front_loaded|atr_dynamic_trail|spread_gate|US100.cash,1.8750839745489347,1.410436332668344,0.03803257773034942,128,5558.310339285867,4.478838178032564,0.038034249427141745,251,102848.9693971438,4.656455347408073,0.03803321429041267,681,737654.7503435714
omni_breakout|fixed_low|stop_order_at_range|front_loaded|atr_dynamic_trail|none|US100.cash,1.8750839745489347,1.410436332668344,0.03803257773034942,128,5558.310339285867,4.478838178032564,0.038034249427141745,251,102848.9693971438,4.656455347408073,0.03803321429041267,681,737654.7503435714
omni_breakout|fixed_low|stop_order_at_range|equal_split|atr_dynamic_trail|spread_gate|US100.cash,1.8750839745489347,1.410436332668344,0.03803257773034942,128,5558.310339285867,4.478838178032564,0.038034249427141745,251,102848.9693971438,4.656455347408073,0.03803321429041267,681,737654.7503435714
omni_breakout|fixed_low|stop_order_at_range|equal_split|atr_dynamic_trail|none|US100.cash,1.8750839745489347,1.410436332668344,0.03803257773034942,128,5558.310339285867,4.478838178032564,0.038034249427141745,251,102848.9693971438,4.656455347408073,0.03803321429041267,681,737654.7503435714
omni_breakout|fixed_low|stop_order_at_range|adaptive_tranche|atr_dynamic_trail|spread_gate|US100.cash,1.8750839745489347,1.410436332668344,0.03803257773034942,128,5558.310339285867,4.478838178032564,0.038034249427141745,251,102848.9693971438,4.656455347408073,0.03803321429041267,681,737654.7503435714
omni_breakout|fixed_low|stop_order_at_range|adaptive_tranche|atr_dynamic_trail|none|US100.cash,1.8750839745489347,1.410436332668344,0.03803257773034942,128,5558.310339285867,4.478838178032564,0.038034249427141745,251,102848.9693971438,4.656455347408073,0.03803321429041267,681,737654.7503435714
omni_breakout|equity_curve|volume_spike_gate|no_pyramid|atr_dynamic_trail|spread_gate|US100.cash,1.831838753386348,1.1649286773763405,0.04243394328455407,128,5245.936755357435,4.533039020214385,0.03637868710739749,251,171002.28089750212,4.5124300870499905,0.0363774437609518,681,1544324.6641035737
omni_breakout|equity_curve|volume_spike_gate|no_pyramid|atr_dynamic_trail|none|US100.cash,1.831838753386348,1.1649286773763405,0.04243394328455407,128,5245.936755357435,4.533039020214385,0.03637868710739749,251,171002.28089750212,4.5124300870499905,0.0363774437609518,681,1544324.6641035737
omni_breakout|equity_curve|stop_order_at_range|no_pyramid|atr_dynamic_trail|spread_gate|US100.cash,1.831838753386348,1.1649286773763405,0.04243394328455407,128,5245.936755357435,4.533039020214385,0.03637868710739749,251,171002.28089750212,4.5124300870499905,0.0363774437609518,681,1544324.6641035737
omni_breakout|equity_curve|stop_order_at_range|no_pyramid|atr_dynamic_trail|none|US100.cash,1.831838753386348,1.1649286773763405,0.04243394328455407,128,5245.936755357435,4.533039020214385,0.03637868710739749,251,171002.28089750212,4.5124300870499905,0.0363774437609518,681,1544324.6641035737
omni_breakout|anti_martingale|volume_spike_gate|no_pyramid|atr_dynamic_trail|spread_gate|US100.cash,1.6905635498963945,1.0830677990329245,0.04185875307490691,128,5220.983393929066,3.9563529432007725,0.041859473454342544,251,122909.78665428786,4.148472116876129,0.04186190501820952,681,1058689.2050478694
omni_breakout|anti_martingale|volume_spike_gate|no_pyramid|atr_dynamic_trail|none|US100.cash,1.6905635498963945,1.0830677990329245,0.04185875307490691,128,5220.983393929066,3.9563529432007725,0.041859473454342544,251,122909.78665428786,4.148472116876129,0.04186190501820952,681,1058689.2050478694
omni_breakout|anti_martingale|stop_order_at_range|no_pyramid|atr_dynamic_trail|spread_gate|US100.cash,1.6905635498963945,1.0830677990329245,0.04185875307490691,128,5220.983393929066,3.9563529432007725,0.041859473454342544,251,122909.78665428786,4.148472116876129,0.04186190501820952,681,1058689.2050478694
omni_breakout|anti_martingale|stop_order_at_range|no_pyramid|atr_dynamic_trail|none|US100.cash,1.6905635498963945,1.0830677990329245,0.04185875307490691,128,5220.983393929066,3.9563529432007725,0.041859473454342544,251,122909.78665428786,4.148472116876129,0.04186190501820952,681,1058689.2050478694
omni_breakout|fixed_low|momentum_threshold|risk_free_runner|time_based|spread_gate|US100.cash,1.2764772308895076,2.266622754600248,0.028056753173419192,125,10379.763170000011,2.5489056433578714,0.028052137626073368,246,23689.92686999994,1.3910697125033908,0.07404945288470052,672,26925.877680000005
omni_breakout|fixed_low|momentum_threshold|risk_free_runner|time_based|none|US100.cash,1.2764772308895076,2.266622754600248,0.028056753173419192,125,10379.763170000011,2.5489056433578714,0.028052137626073368,246,23689.92686999994,1.3910697125033908,0.07404945288470052,672,26925.877680000005
omni_breakout|fixed_low|momentum_threshold|no_pyramid|time_based|spread_gate|US100.cash,1.2764772308895076,2.266622754600248,0.028056753173419192,125,10379.763170000011,2.5489056433578714,0.028052137626073368,246,23689.92686999994,1.3910697125033908,0.07404945288470052,672,26925.877680000005
omni_breakout|fixed_low|momentum_threshold|no_pyramid|time_based|none|US100.cash,1.2764772308895076,2.266622754600248,0.028056753173419192,125,10379.763170000011,2.5489056433578714,0.028052137626073368,246,23689.92686999994,1.3910697125033908,0.07404945288470052,672,26925.877680000005
omni_breakout|fixed_low|momentum_threshold|inverse_pyramid|time_based|spread_gate|US100.cash,1.2764772308895076,2.266622754600248,0.028056753173419192,125,10379.763170000011,2.5489056433578714,0.028052137626073368,246,23689.92686999994,1.3910697125033908,0.07404945288470052,672,26925.877680000005
omni_breakout|fixed_low|momentum_threshold|inverse_pyramid|time_based|none|US100.cash,1.2764772308895076,2.266622754600248,0.028056753173419192,125,10379.763170000011,2.5489056433578714,0.028052137626073368,246,23689.92686999994,1.3910697125033908,0.07404945288470052,672,26925.877680000005
omni_breakout|fixed_low|momentum_threshold|front_loaded|time_based|spread_gate|US100.cash,1.2764772308895076,2.266622754600248,0.028056753173419192,125,10379.763170000011,2.5489056433578714,0.028052137626073368,246,23689.92686999994,1.3910697125033908,0.07404945288470052,672,26925.877680000005
omni_breakout|fixed_low|momentum_threshold|front_loaded|time_based|none|US100.cash,1.2764772308895076,2.266622754600248,0.028056753173419192,125,10379.763170000011,2.5489056433578714,0.028052137626073368,246,23689.92686999994,1.3910697125033908,0.07404945288470052,672,26925.877680000005
omni_breakout|fixed_low|momentum_threshold|equal_split|time_based|spread_gate|US100.cash,1.2764772308895076,2.266622754600248,0.028056753173419192,125,10379.763170000011,2.5489056433578714,0.028052137626073368,246,23689.92686999994,1.3910697125033908,0.07404945288470052,672,26925.877680000005
omni_breakout|fixed_low|momentum_threshold|equal_split|time_based|none|US100.cash,1.2764772308895076,2.266622754600248,0.028056753173419192,125,10379.763170000011,2.5489056433578714,0.028052137626073368,246,23689.92686999994,1.3910697125033908,0.07404945288470052,672,26925.877680000005
omni_breakout|anti_martingale|momentum_threshold|no_pyramid|time_based|spread_gate|US100.cash,1.2378834415455915,2.325304169712659,0.02398887354897118,125,13607.768460000036,2.3325309892645425,0.024001569958528965,246,25370.93682,1.2102682081146179,0.07723675405119512,672,25237.618540000112
omni_breakout|anti_martingale|momentum_threshold|no_pyramid|time_based|none|US100.cash,1.2378834415455915,2.325304169712659,0.02398887354897118,125,13607.768460000036,2.3325309892645425,0.024001569958528965,246,25370.93682,1.2102682081146179,0.07723675405119512,672,25237.618540000112
omni_breakout|kelly_criterion|momentum_threshold|no_pyramid|time_based|spread_gate|US100.cash,1.2244552673793354,2.0854752846202453,0.07896689299978954,125,27313.07795000008,2.5083622084278345,0.07899159051876636,246,77739.57893999988,1.2915461593382296,0.07899586442460542,672,55917.39354999994
omni_breakout|kelly_criterion|momentum_threshold|no_pyramid|time_based|none|US100.cash,1.2244552673793354,2.0854752846202453,0.07896689299978954,125,27313.07795000008,2.5083622084278345,0.07899159051876636,246,77739.57893999988,1.2915461593382296,0.07899586442460542,672,55917.39354999994
omni_breakout|fixed_low|momentum_threshold|risk_free_runner|time_based|day_of_week|US100.cash,1.2066921651635634,2.1905385491885467,0.018721725145623487,76,6890.691469999981,1.9747505050512804,0.024060002756115088,149,10974.440909999903,1.5397948965262251,0.03127638692165797,404,18293.047539999894
omni_breakout|fixed_low|momentum_threshold|no_pyramid|time_based|day_of_week|US100.cash,1.2066921651635634,2.1905385491885467,0.018721725145623487,76,6890.691469999981,1.9747505050512804,0.024060002756115088,149,10974.440909999903,1.5397948965262251,0.03127638692165797,404,18293.047539999894
omni_breakout|fixed_low|momentum_threshold|inverse_pyramid|time_based|day_of_week|US100.cash,1.2066921651635634,2.1905385491885467,0.018721725145623487,76,6890.691469999981,1.9747505050512804,0.024060002756115088,149,10974.440909999903,1.5397948965262251,0.03127638692165797,404,18293.047539999894
omni_breakout|fixed_low|momentum_threshold|front_loaded|time_based|day_of_week|US100.cash,1.2066921651635634,2.1905385491885467,0.018721725145623487,76,6890.691469999981,1.9747505050512804,0.024060002756115088,149,10974.440909999903,1.5397948965262251,0.03127638692165797,404,18293.047539999894
omni_breakout|fixed_low|momentum_threshold|equal_split|time_based|day_of_week|US100.cash,1.2066921651635634,2.1905385491885467,0.018721725145623487,76,6890.691469999981,1.9747505050512804,0.024060002756115088,149,10974.440909999903,1.5397948965262251,0.03127638692165797,404,18293.047539999894
omni_breakout|aggressive_flat|momentum_threshold|no_pyramid|time_based|day_of_week|US100.cash,1.1976827683836393,2.1897428400950143,0.04007287560426824,76,14923.30495999996,1.9744191859548479,0.050973694743870285,149,24266.712219999787,1.5399557620181878,0.06626194197217866,404,42039.46914999975
omni_breakout|volatility_scaled|momentum_threshold|no_pyramid|time_based|day_of_week|US100.cash,1.1941749120060734,2.189418345442057,0.053379305960676485,76,20018.159079999947,1.9744150880922016,0.0674814535200013,149,32979.42258999971,1.5398091092006465,0.0674806690925764,404,58459.96103999965
omni_breakout|conservative_ramp|momentum_threshold|risk_free_runner|time_based|day_of_week|US100.cash,1.1482433426644374,2.075951056344706,0.04009351702645456,76,13776.764169999975,1.808366289348264,0.050979129675957885,149,20251.548959999836,1.4447062486296647,0.05549372493837821,404,36612.69000999979
omni_breakout|conservative_ramp|momentum_threshold|no_pyramid|time_based|day_of_week|US100.cash,1.1482433426644374,2.075951056344706,0.04009351702645456,76,13776.764169999975,1.808366289348264,0.050979129675957885,149,20251.548959999836,1.4447062486296647,0.05549372493837821,404,36612.69000999979
omni_breakout|conservative_ramp|momentum_threshold|inverse_pyramid|time_based|day_of_week|US100.cash,1.1482433426644374,2.075951056344706,0.04009351702645456,76,13776.764169999975,1.808366289348264,0.050979129675957885,149,20251.548959999836,1.4447062486296647,0.05549372493837821,404,36612.69000999979
omni_breakout|conservative_ramp|momentum_threshold|front_loaded|time_based|day_of_week|US100.cash,1.1482433426644374,2.075951056344706,0.04009351702645456,76,13776.764169999975,1.808366289348264,0.050979129675957885,149,20251.548959999836,1.4447062486296647,0.05549372493837821,404,36612.69000999979
omni_breakout|conservative_ramp|momentum_threshold|equal_split|time_based|day_of_week|US100.cash,1.1482433426644374,2.075951056344706,0.04009351702645456,76,13776.764169999975,1.808366289348264,0.050979129675957885,149,20251.548959999836,1.4447062486296647,0.05549372493837821,404,36612.69000999979
omni_breakout|anti_martingale|volume_spike_gate|no_pyramid|time_based|spread_gate|US100.cash,1.1371745712201962,2.070957232078972,0.0352312153675204,128,12568.939129999997,1.9555503239148524,0.035241818531127324,251,19804.615379999952,1.1313460607940067,0.0678957829127331,681,22697.64992999995
omni_breakout|anti_martingale|volume_spike_gate|no_pyramid|time_based|none|US100.cash,1.1371745712201962,2.070957232078972,0.0352312153675204,128,12568.939129999997,1.9555503239148524,0.035241818531127324,251,19804.615379999952,1.1313460607940067,0.0678957829127331,681,22697.64992999995
omni_breakout|anti_martingale|stop_order_at_range|no_pyramid|time_based|spread_gate|US100.cash,1.1371745712201962,2.070957232078972,0.0352312153675204,128,12568.939129999997,1.9555503239148524,0.035241818531127324,251,19804.615379999952,1.1313460607940067,0.0678957829127331,681,22697.64992999995
omni_breakout|anti_martingale|stop_order_at_range|no_pyramid|time_based|none|US100.cash,1.1371745712201962,2.070957232078972,0.0352312153675204,128,12568.939129999997,1.9555503239148524,0.035241818531127324,251,19804.615379999952,1.1313460607940067,0.0678957829127331,681,22697.64992999995
omni_breakout|anti_martingale|momentum_threshold|no_pyramid|time_based|day_of_week|US100.cash,1.1325141674661345,2.1024109522832735,0.014721499983763972,76,8484.071109999992,1.65530245150924,0.019858194874742403,149,10247.923959999927,1.3521177313964994,0.028751990992642005,404,17389.988959999915
omni_breakout|equity_curve|momentum_threshold|no_pyramid|time_based|spread_gate|US100.cash,1.1243973218442456,1.9700854266390642,0.033232179900121624,125,11793.578690000018,2.079025103878444,0.03324272778516464,246,23974.808569999936,1.0415581769738689,0.07072319503379801,672,22265.544620000048
omni_breakout|equity_curve|momentum_threshold|no_pyramid|time_based|none|US100.cash,1.1243973218442456,1.9700854266390642,0.033232179900121624,125,11793.578690000018,2.079025103878444,0.03324272778516464,246,23974.808569999936,1.0415581769738689,0.07072319503379801,672,22265.544620000048
omni_breakout|fixed_low|volume_spike_gate|risk_free_runner|time_based|spread_gate|US100.cash,1.095452487778562,1.5953436829984258,0.042403853028358515,128,7254.42261999997,2.0998317518069816,0.04236440128341136,251,19486.525759999924,1.2045820744917297,0.06149121929250856,681,22782.950099999896
omni_breakout|fixed_low|volume_spike_gate|risk_free_runner|time_based|none|US100.cash,1.095452487778562,1.5953436829984258,0.042403853028358515,128,7254.42261999997,2.0998317518069816,0.04236440128341136,251,19486.525759999924,1.2045820744917297,0.06149121929250856,681,22782.950099999896
omni_breakout|fixed_low|volume_spike_gate|no_pyramid|time_based|spread_gate|US100.cash,1.095452487778562,1.5953436829984258,0.042403853028358515,128,7254.42261999997,2.0998317518069816,0.04236440128341136,251,19486.525759999924,1.2045820744917297,0.06149121929250856,681,22782.950099999896
omni_breakout|fixed_low|volume_spike_gate|no_pyramid|time_based|none|US100.cash,1.095452487778562,1.5953436829984258,0.042403853028358515,128,7254.42261999997,2.0998317518069816,0.04236440128341136,251,19486.525759999924,1.2045820744917297,0.06149121929250856,681,22782.950099999896
omni_breakout|fixed_low|volume_spike_gate|inverse_pyramid|time_based|spread_gate|US100.cash,1.095452487778562,1.5953436829984258,0.042403853028358515,128,7254.42261999997,2.0998317518069816,0.04236440128341136,251,19486.525759999924,1.2045820744917297,0.06149121929250856,681,22782.950099999896
omni_breakout|fixed_low|volume_spike_gate|inverse_pyramid|time_based|none|US100.cash,1.095452487778562,1.5953436829984258,0.042403853028358515,128,7254.42261999997,2.0998317518069816,0.04236440128341136,251,19486.525759999924,1.2045820744917297,0.06149121929250856,681,22782.950099999896
omni_breakout|fixed_low|volume_spike_gate|front_loaded|time_based|spread_gate|US100.cash,1.095452487778562,1.5953436829984258,0.042403853028358515,128,7254.42261999997,2.0998317518069816,0.04236440128341136,251,19486.525759999924,1.2045820744917297,0.06149121929250856,681,22782.950099999896
omni_breakout|fixed_low|volume_spike_gate|front_loaded|time_based|none|US100.cash,1.095452487778562,1.5953436829984258,0.042403853028358515,128,7254.42261999997,2.0998317518069816,0.04236440128341136,251,19486.525759999924,1.2045820744917297,0.06149121929250856,681,22782.950099999896
omni_breakout|fixed_low|volume_spike_gate|equal_split|time_based|spread_gate|US100.cash,1.095452487778562,1.5953436829984258,0.042403853028358515,128,7254.42261999997,2.0998317518069816,0.04236440128341136,251,19486.525759999924,1.2045820744917297,0.06149121929250856,681,22782.950099999896
omni_breakout|fixed_low|volume_spike_gate|equal_split|time_based|none|US100.cash,1.095452487778562,1.5953436829984258,0.042403853028358515,128,7254.42261999997,2.0998317518069816,0.04236440128341136,251,19486.525759999924,1.2045820744917297,0.06149121929250856,681,22782.950099999896
omni_breakout|fixed_low|stop_order_at_range|risk_free_runner|time_based|spread_gate|US100.cash,1.095452487778562,1.5953436829984258,0.042403853028358515,128,7254.42261999997,2.0998317518069816,0.04236440128341136,251,19486.525759999924,1.2045820744917297,0.06149121929250856,681,22782.950099999896
omni_breakout|fixed_low|stop_order_at_range|risk_free_runner|time_based|none|US100.cash,1.095452487778562,1.5953436829984258,0.042403853028358515,128,7254.42261999997,2.0998317518069816,0.04236440128341136,251,19486.525759999924,1.2045820744917297,0.06149121929250856,681,22782.950099999896
omni_breakout|fixed_low|stop_order_at_range|no_pyramid|time_based|spread_gate|US100.cash,1.095452487778562,1.5953436829984258,0.042403853028358515,128,7254.42261999997,2.0998317518069816,0.04236440128341136,251,19486.525759999924,1.2045820744917297,0.06149121929250856,681,22782.950099999896
omni_breakout|fixed_low|stop_order_at_range|no_pyramid|time_based|none|US100.cash,1.095452487778562,1.5953436829984258,0.042403853028358515,128,7254.42261999997,2.0998317518069816,0.04236440128341136,251,19486.525759999924,1.2045820744917297,0.06149121929250856,681,22782.950099999896
omni_breakout|fixed_low|stop_order_at_range|inverse_pyramid|time_based|spread_gate|US100.cash,1.095452487778562,1.5953436829984258,0.042403853028358515,128,7254.42261999997,2.0998317518069816,0.04236440128341136,251,19486.525759999924,1.2045820744917297,0.06149121929250856,681,22782.950099999896
omni_breakout|fixed_low|stop_order_at_range|inverse_pyramid|time_based|none|US100.cash,1.095452487778562,1.5953436829984258,0.042403853028358515,128,7254.42261999997,2.0998317518069816,0.04236440128341136,251,19486.525759999924,1.2045820744917297,0.06149121929250856,681,22782.950099999896
omni_breakout|fixed_low|stop_order_at_range|front_loaded|time_based|spread_gate|US100.cash,1.095452487778562,1.5953436829984258,0.042403853028358515,128,7254.42261999997,2.0998317518069816,0.04236440128341136,251,19486.525759999924,1.2045820744917297,0.06149121929250856,681,22782.950099999896
omni_breakout|fixed_low|stop_order_at_range|front_loaded|time_based|none|US100.cash,1.095452487778562,1.5953436829984258,0.042403853028358515,128,7254.42261999997,2.0998317518069816,0.04236440128341136,251,19486.525759999924,1.2045820744917297,0.06149121929250856,681,22782.950099999896
omni_breakout|fixed_low|stop_order_at_range|equal_split|time_based|spread_gate|US100.cash,1.095452487778562,1.5953436829984258,0.042403853028358515,128,7254.42261999997,2.0998317518069816,0.04236440128341136,251,19486.525759999924,1.2045820744917297,0.06149121929250856,681,22782.950099999896
omni_breakout|fixed_low|stop_order_at_range|equal_split|time_based|none|US100.cash,1.095452487778562,1.5953436829984258,0.042403853028358515,128,7254.42261999997,2.0998317518069816,0.04236440128341136,251,19486.525759999924,1.2045820744917297,0.06149121929250856,681,22782.950099999896
omni_breakout|equity_curve|volume_spike_gate|no_pyramid|time_based|spread_gate|US100.cash,1.060502847639096,1.6480868681388612,0.04475179605311728,128,9973.213900000004,1.8772449497469925,0.0447484100567293,251,22461.77404999993,1.1140111037530867,0.07164632139860311,681,25150.642229999896
omni_breakout|equity_curve|volume_spike_gate|no_pyramid|time_based|none|US100.cash,1.060502847639096,1.6480868681388612,0.04475179605311728,128,9973.213900000004,1.8772449497469925,0.0447484100567293,251,22461.77404999993,1.1140111037530867,0.07164632139860311,681,25150.642229999896
omni_breakout|equity_curve|stop_order_at_range|no_pyramid|time_based|spread_gate|US100.cash,1.060502847639096,1.6480868681388612,0.04475179605311728,128,9973.213900000004,1.8772449497469925,0.0447484100567293,251,22461.77404999993,1.1140111037530867,0.07164632139860311,681,25150.642229999896
omni_breakout|equity_curve|stop_order_at_range|no_pyramid|time_based|none|US100.cash,1.060502847639096,1.6480868681388612,0.04475179605311728,128,9973.213900000004,1.8772449497469925,0.0447484100567293,251,22461.77404999993,1.1140111037530867,0.07164632139860311,681,25150.642229999896
omni_breakout|equity_curve|momentum_threshold|no_pyramid|time_based|day_of_week|US100.cash,1.0550568404671985,1.8769217409230725,0.027497859055748655,76,7778.170389999994,1.4808062863978093,0.02754023968713968,149,9794.482529999908,1.2446661093641596,0.03876003918333066,404,17113.00070999988
omni_breakout|anti_martingale|close_confirmation|no_pyramid|time_based|spread_gate|US100.cash,1.0189027904705368,1.7716122217067356,0.032604915354749305,127,10250.194249999977,1.6526214132428783,0.03258984203436337,250,15996.731709999962,0.8704573292953883,0.06065739809800011,679,16485.724369999883
omni_breakout|anti_martingale|close_confirmation|no_pyramid|time_based|none|US100.cash,1.0189027904705368,1.7716122217067356,0.032604915354749305,127,10250.194249999977,1.6526214132428783,0.03258984203436337,250,15996.731709999962,0.8704573292953883,0.06065739809800011,679,16485.724369999883
omni_breakout|anti_martingale|dual_timeframe|no_pyramid|time_based|spread_gate|US100.cash,1.0138119398007341,1.7716122217067356,0.032604915354749305,127,10250.194249999977,1.6289073226852646,0.032609888438904146,250,15656.135549999974,0.857416156073149,0.06065739809800011,679,16146.740239999894
omni_breakout|anti_martingale|dual_timeframe|no_pyramid|time_based|none|US100.cash,1.0138119398007341,1.7716122217067356,0.032604915354749305,127,10250.194249999977,1.6289073226852646,0.032609888438904146,250,15656.135549999974,0.857416156073149,0.06065739809800011,679,16146.740239999894
omni_breakout|fixed_low|close_confirmation|risk_free_runner|time_based|spread_gate|US100.cash,1.000558994209904,1.3237632431996182,0.03639288064129332,127,5801.9526999999825,1.7921273282980192,0.036409922134757446,250,15758.439579999957,1.082517706106682,0.05578618799517439,679,20214.152319999856
omni_breakout|fixed_low|close_confirmation|risk_free_runner|time_based|none|US100.cash,1.000558994209904,1.3237632431996182,0.03639288064129332,127,5801.9526999999825,1.7921273282980192,0.036409922134757446,250,15758.439579999957,1.082517706106682,0.05578618799517439,679,20214.152319999856
omni_breakout|fixed_low|close_confirmation|no_pyramid|time_based|spread_gate|US100.cash,1.000558994209904,1.3237632431996182,0.03639288064129332,127,5801.9526999999825,1.7921273282980192,0.036409922134757446,250,15758.439579999957,1.082517706106682,0.05578618799517439,679,20214.152319999856
omni_breakout|fixed_low|close_confirmation|no_pyramid|time_based|none|US100.cash,1.000558994209904,1.3237632431996182,0.03639288064129332,127,5801.9526999999825,1.7921273282980192,0.036409922134757446,250,15758.439579999957,1.082517706106682,0.05578618799517439,679,20214.152319999856
omni_breakout|fixed_low|close_confirmation|inverse_pyramid|time_based|spread_gate|US100.cash,1.000558994209904,1.3237632431996182,0.03639288064129332,127,5801.9526999999825,1.7921273282980192,0.036409922134757446,250,15758.439579999957,1.082517706106682,0.05578618799517439,679,20214.152319999856
omni_breakout|fixed_low|close_confirmation|inverse_pyramid|time_based|none|US100.cash,1.000558994209904,1.3237632431996182,0.03639288064129332,127,5801.9526999999825,1.7921273282980192,0.036409922134757446,250,15758.439579999957,1.082517706106682,0.05578618799517439,679,20214.152319999856
omni_breakout|fixed_low|close_confirmation|front_loaded|time_based|spread_gate|US100.cash,1.000558994209904,1.3237632431996182,0.03639288064129332,127,5801.9526999999825,1.7921273282980192,0.036409922134757446,250,15758.439579999957,1.082517706106682,0.05578618799517439,679,20214.152319999856
omni_breakout|fixed_low|close_confirmation|front_loaded|time_based|none|US100.cash,1.000558994209904,1.3237632431996182,0.03639288064129332,127,5801.9526999999825,1.7921273282980192,0.036409922134757446,250,15758.439579999957,1.082517706106682,0.05578618799517439,679,20214.152319999856
omni_breakout|fixed_low|close_confirmation|equal_split|time_based|spread_gate|US100.cash,1.000558994209904,1.3237632431996182,0.03639288064129332,127,5801.9526999999825,1.7921273282980192,0.036409922134757446,250,15758.439579999957,1.082517706106682,0.05578618799517439,679,20214.152319999856
omni_breakout|fixed_low|close_confirmation|equal_split|time_based|none|US100.cash,1.000558994209904,1.3237632431996182,0.03639288064129332,127,5801.9526999999825,1.7921273282980192,0.036409922134757446,250,15758.439579999957,1.082517706106682,0.05578618799517439,679,20214.152319999856
omni_breakout|fixed_low|dual_timeframe|risk_free_runner|time_based|spread_gate|US100.cash,0.9947796177703774,1.3237632431996182,0.03639288064129332,127,5801.9526999999825,1.7655508415607946,0.036419508616306745,250,15290.718019999975,1.0674506398081298,0.05578618799517439,679,19726.483739999876
omni_breakout|fixed_low|dual_timeframe|risk_free_runner|time_based|none|US100.cash,0.9947796177703774,1.3237632431996182,0.03639288064129332,127,5801.9526999999825,1.7655508415607946,0.036419508616306745,250,15290.718019999975,1.0674506398081298,0.05578618799517439,679,19726.483739999876
omni_breakout|fixed_low|dual_timeframe|no_pyramid|time_based|spread_gate|US100.cash,0.9947796177703774,1.3237632431996182,0.03639288064129332,127,5801.9526999999825,1.7655508415607946,0.036419508616306745,250,15290.718019999975,1.0674506398081298,0.05578618799517439,679,19726.483739999876
omni_breakout|fixed_low|dual_timeframe|no_pyramid|time_based|none|US100.cash,0.9947796177703774,1.3237632431996182,0.03639288064129332,127,5801.9526999999825,1.7655508415607946,0.036419508616306745,250,15290.718019999975,1.0674506398081298,0.05578618799517439,679,19726.483739999876
omni_breakout|fixed_low|dual_timeframe|inverse_pyramid|time_based|spread_gate|US100.cash,0.9947796177703774,1.3237632431996182,0.03639288064129332,127,5801.9526999999825,1.7655508415607946,0.036419508616306745,250,15290.718019999975,1.0674506398081298,0.05578618799517439,679,19726.483739999876
omni_breakout|fixed_low|dual_timeframe|inverse_pyramid|time_based|none|US100.cash,0.9947796177703774,1.3237632431996182,0.03639288064129332,127,5801.9526999999825,1.7655508415607946,0.036419508616306745,250,15290.718019999975,1.0674506398081298,0.05578618799517439,679,19726.483739999876
omni_breakout|fixed_low|dual_timeframe|front_loaded|time_based|spread_gate|US100.cash,0.9947796177703774,1.3237632431996182,0.03639288064129332,127,5801.9526999999825,1.7655508415607946,0.036419508616306745,250,15290.718019999975,1.0674506398081298,0.05578618799517439,679,19726.483739999876
omni_breakout|fixed_low|dual_timeframe|front_loaded|time_based|none|US100.cash,0.9947796177703774,1.3237632431996182,0.03639288064129332,127,5801.9526999999825,1.7655508415607946,0.036419508616306745,250,15290.718019999975,1.0674506398081298,0.05578618799517439,679,19726.483739999876
omni_breakout|fixed_low|dual_timeframe|equal_split|time_based|spread_gate|US100.cash,0.9947796177703774,1.3237632431996182,0.03639288064129332,127,5801.9526999999825,1.7655508415607946,0.036419508616306745,250,15290.718019999975,1.0674506398081298,0.05578618799517439,679,19726.483739999876
omni_breakout|fixed_low|dual_timeframe|equal_split|time_based|none|US100.cash,0.9947796177703774,1.3237632431996182,0.03639288064129332,127,5801.9526999999825,1.7655508415607946,0.036419508616306745,250,15290.718019999975,1.0674506398081298,0.05578618799517439,679,19726.483739999876
omni_breakout|anti_martingale|retest_entry|no_pyramid|time_based|spread_gate|US100.cash,0.9842239488106235,1.7716122217067356,0.032604915354749305,127,10250.194249999977,1.4935485848235948,0.03260786717916645,248,13994.313839999966,0.7853401947484892,0.0706701510503699,677,14495.190219999888
omni_breakout|anti_martingale|retest_entry|no_pyramid|time_based|none|US100.cash,0.9842239488106235,1.7716122217067356,0.032604915354749305,127,10250.194249999977,1.4935485848235948,0.03260786717916645,248,13994.313839999966,0.7853401947484892,0.0706701510503699,677,14495.190219999888
omni_breakout|fixed_low|retest_entry|risk_free_runner|time_based|spread_gate|US100.cash,0.9592465192809247,1.3237632431996182,0.03639288064129332,127,5801.9526999999825,1.5950699775242014,0.03640943415022396,248,13201.242839999966,0.9809861642929737,0.058688656922896196,677,17566.687689999864
omni_breakout|fixed_low|retest_entry|risk_free_runner|time_based|none|US100.cash,0.9592465192809247,1.3237632431996182,0.03639288064129332,127,5801.9526999999825,1.5950699775242014,0.03640943415022396,248,13201.242839999966,0.9809861642929737,0.058688656922896196,677,17566.687689999864
omni_breakout|fixed_low|retest_entry|no_pyramid|time_based|spread_gate|US100.cash,0.9592465192809247,1.3237632431996182,0.03639288064129332,127,5801.9526999999825,1.5950699775242014,0.03640943415022396,248,13201.242839999966,0.9809861642929737,0.058688656922896196,677,17566.687689999864
omni_breakout|fixed_low|retest_entry|no_pyramid|time_based|none|US100.cash,0.9592465192809247,1.3237632431996182,0.03639288064129332,127,5801.9526999999825,1.5950699775242014,0.03640943415022396,248,13201.242839999966,0.9809861642929737,0.058688656922896196,677,17566.687689999864
omni_breakout|fixed_low|retest_entry|inverse_pyramid|time_based|spread_gate|US100.cash,0.9592465192809247,1.3237632431996182,0.03639288064129332,127,5801.9526999999825,1.5950699775242014,0.03640943415022396,248,13201.242839999966,0.9809861642929737,0.058688656922896196,677,17566.687689999864
omni_breakout|fixed_low|retest_entry|inverse_pyramid|time_based|none|US100.cash,0.9592465192809247,1.3237632431996182,0.03639288064129332,127,5801.9526999999825,1.5950699775242014,0.03640943415022396,248,13201.242839999966,0.9809861642929737,0.058688656922896196,677,17566.687689999864
omni_breakout|fixed_low|retest_entry|front_loaded|time_based|spread_gate|US100.cash,0.9592465192809247,1.3237632431996182,0.03639288064129332,127,5801.9526999999825,1.5950699775242014,0.03640943415022396,248,13201.242839999966,0.9809861642929737,0.058688656922896196,677,17566.687689999864
omni_breakout|fixed_low|retest_entry|front_loaded|time_based|none|US100.cash,0.9592465192809247,1.3237632431996182,0.03639288064129332,127,5801.9526999999825,1.5950699775242014,0.03640943415022396,248,13201.242839999966,0.9809861642929737,0.058688656922896196,677,17566.687689999864
omni_breakout|fixed_low|retest_entry|equal_split|time_based|spread_gate|US100.cash,0.9592465192809247,1.3237632431996182,0.03639288064129332,127,5801.9526999999825,1.5950699775242014,0.03640943415022396,248,13201.242839999966,0.9809861642929737,0.058688656922896196,677,17566.687689999864
omni_breakout|fixed_low|retest_entry|equal_split|time_based|none|US100.cash,0.9592465192809247,1.3237632431996182,0.03639288064129332,127,5801.9526999999825,1.5950699775242014,0.03640943415022396,248,13201.242839999966,0.9809861642929737,0.058688656922896196,677,17566.687689999864
omni_breakout|equity_curve|close_confirmation|no_pyramid|time_based|spread_gate|US100.cash,0.9063759254939004,1.1879477216205296,0.03641189647659458,127,6657.5501400000285,1.5196209980832154,0.036404294173250924,250,16344.020019999987,0.7989677511491203,0.06341497254202005,679,16368.54325999996
omni_breakout|equity_curve|close_confirmation|no_pyramid|time_based|none|US100.cash,0.9063759254939004,1.1879477216205296,0.03641189647659458,127,6657.5501400000285,1.5196209980832154,0.036404294173250924,250,16344.020019999987,0.7989677511491203,0.06341497254202005,679,16368.54325999996
omni_breakout|equity_curve|dual_timeframe|no_pyramid|time_based|spread_gate|US100.cash,0.8994023482175119,1.1879477216205296,0.03641189647659458,127,6657.5501400000285,1.4879261462860076,0.036404900121259305,250,15672.60392000001,0.7818409264011689,0.06549213550413185,679,15926.505169999966
omni_breakout|equity_curve|dual_timeframe|no_pyramid|time_based|none|US100.cash,0.8994023482175119,1.1879477216205296,0.03641189647659458,127,6657.5501400000285,1.4879261462860076,0.036404900121259305,250,15672.60392000001,0.7818409264011689,0.06549213550413185,679,15926.505169999966
omni_breakout|fixed_low|retest_entry|risk_free_runner|time_based|day_of_week|US100.cash,0.8952641111646263,0.8408964546885465,0.029297998336069407,78,2420.9310100000025,1.2903572255704838,0.03131958182429684,151,6844.003639999978,1.3217063073672186,0.03132074454312903,408,15487.574269999817
omni_breakout|fixed_low|retest_entry|no_pyramid|time_based|day_of_week|US100.cash,0.8952641111646263,0.8408964546885465,0.029297998336069407,78,2420.9310100000025,1.2903572255704838,0.03131958182429684,151,6844.003639999978,1.3217063073672186,0.03132074454312903,408,15487.574269999817
omni_breakout|fixed_low|retest_entry|inverse_pyramid|time_based|day_of_week|US100.cash,0.8952641111646263,0.8408964546885465,0.029297998336069407,78,2420.9310100000025,1.2903572255704838,0.03131958182429684,151,6844.003639999978,1.3217063073672186,0.03132074454312903,408,15487.574269999817
omni_breakout|fixed_low|retest_entry|front_loaded|time_based|day_of_week|US100.cash,0.8952641111646263,0.8408964546885465,0.029297998336069407,78,2420.9310100000025,1.2903572255704838,0.03131958182429684,151,6844.003639999978,1.3217063073672186,0.03132074454312903,408,15487.574269999817
omni_breakout|fixed_low|retest_entry|equal_split|time_based|day_of_week|US100.cash,0.8952641111646263,0.8408964546885465,0.029297998336069407,78,2420.9310100000025,1.2903572255704838,0.03131958182429684,151,6844.003639999978,1.3217063073672186,0.03132074454312903,408,15487.574269999817
omni_breakout|fixed_low|dual_timeframe|risk_free_runner|time_based|day_of_week|US100.cash,0.8868370261711487,0.8408964546885465,0.029297998336069407,78,2420.9310100000025,1.2503350961068422,0.033128793511644036,152,6643.688049999978,1.3030028498492383,0.03312737112973542,409,15271.752989999817
omni_breakout|fixed_low|dual_timeframe|no_pyramid|time_based|day_of_week|US100.cash,0.8868370261711487,0.8408964546885465,0.029297998336069407,78,2420.9310100000025,1.2503350961068422,0.033128793511644036,152,6643.688049999978,1.3030028498492383,0.03312737112973542,409,15271.752989999817
omni_breakout|fixed_low|dual_timeframe|inverse_pyramid|time_based|day_of_week|US100.cash,0.8868370261711487,0.8408964546885465,0.029297998336069407,78,2420.9310100000025,1.2503350961068422,0.033128793511644036,152,6643.688049999978,1.3030028498492383,0.03312737112973542,409,15271.752989999817
omni_breakout|fixed_low|dual_timeframe|front_loaded|time_based|day_of_week|US100.cash,0.8868370261711487,0.8408964546885465,0.029297998336069407,78,2420.9310100000025,1.2503350961068422,0.033128793511644036,152,6643.688049999978,1.3030028498492383,0.03312737112973542,409,15271.752989999817
omni_breakout|fixed_low|dual_timeframe|equal_split|time_based|day_of_week|US100.cash,0.8868370261711487,0.8408964546885465,0.029297998336069407,78,2420.9310100000025,1.2503350961068422,0.033128793511644036,152,6643.688049999978,1.3030028498492383,0.03312737112973542,409,15271.752989999817
omni_breakout|fixed_low|close_confirmation|risk_free_runner|time_based|day_of_week|US100.cash,0.8868370261711487,0.8408964546885465,0.029297998336069407,78,2420.9310100000025,1.2503350961068422,0.033128793511644036,152,6643.688049999978,1.3030028498492383,0.03312737112973542,409,15271.752989999817
omni_breakout|fixed_low|close_confirmation|no_pyramid|time_based|day_of_week|US100.cash,0.8868370261711487,0.8408964546885465,0.029297998336069407,78,2420.9310100000025,1.2503350961068422,0.033128793511644036,152,6643.688049999978,1.3030028498492383,0.03312737112973542,409,15271.752989999817
omni_breakout|fixed_low|close_confirmation|inverse_pyramid|time_based|day_of_week|US100.cash,0.8868370261711487,0.8408964546885465,0.029297998336069407,78,2420.9310100000025,1.2503350961068422,0.033128793511644036,152,6643.688049999978,1.3030028498492383,0.03312737112973542,409,15271.752989999817
omni_breakout|fixed_low|close_confirmation|front_loaded|time_based|day_of_week|US100.cash,0.8868370261711487,0.8408964546885465,0.029297998336069407,78,2420.9310100000025,1.2503350961068422,0.033128793511644036,152,6643.688049999978,1.3030028498492383,0.03312737112973542,409,15271.752989999817
omni_breakout|fixed_low|close_confirmation|equal_split|time_based|day_of_week|US100.cash,0.8868370261711487,0.8408964546885465,0.029297998336069407,78,2420.9310100000025,1.2503350961068422,0.033128793511644036,152,6643.688049999978,1.3030028498492383,0.03312737112973542,409,15271.752989999817
omni_breakout|aggressive_flat|retest_entry|no_pyramid|time_based|day_of_week|US100.cash,0.8843603743042139,0.8393158686851614,0.061826921736267124,78,4898.583390000005,1.290539537352529,0.06605734449664552,151,14612.631819999953,1.3215468115644198,0.06606880637749044,408,34906.72910999959
omni_breakout|aggressive_flat|dual_timeframe|no_pyramid|time_based|day_of_week|US100.cash,0.8755889759126697,0.8393158686851614,0.061826921736267124,78,4898.583390000005,1.2507749446272118,0.06980030765680036,152,14159.270059999952,1.3028864436636882,0.06980377853452784,409,34369.50170999959
omni_breakout|aggressive_flat|close_confirmation|no_pyramid|time_based|day_of_week|US100.cash,0.8755889759126697,0.8393158686851614,0.061826921736267124,78,4898.583390000005,1.2507749446272118,0.06980030765680036,152,14159.270059999952,1.3028864436636882,0.06980377853452784,409,34369.50170999959
omni_breakout|fixed_low|retest_entry|risk_free_runner|atr_dynamic_trail|day_of_week|US100.cash,0.8746415068762037,0.5225247308050874,0.0387558079353538,78,961.5357457139269,1.2873479441699784,0.038759236125180875,151,7287.761360713418,1.5551076469961216,0.07278420803125216,408,31038.371365355542
omni_breakout|fixed_low|retest_entry|no_pyramid|atr_dynamic_trail|day_of_week|US100.cash,0.8746415068762037,0.5225247308050874,0.0387558079353538,78,961.5357457139269,1.2873479441699784,0.038759236125180875,151,7287.761360713418,1.5551076469961216,0.07278420803125216,408,31038.371365355542
omni_breakout|fixed_low|retest_entry|momentum_confirmed|atr_dynamic_trail|day_of_week|US100.cash,0.8746415068762037,0.5225247308050874,0.0387558079353538,78,961.5357457139269,1.2873479441699784,0.038759236125180875,151,7287.761360713418,1.5551076469961216,0.07278420803125216,408,31038.371365355542
omni_breakout|fixed_low|retest_entry|inverse_pyramid|atr_dynamic_trail|day_of_week|US100.cash,0.8746415068762037,0.5225247308050874,0.0387558079353538,78,961.5357457139269,1.2873479441699784,0.038759236125180875,151,7287.761360713418,1.5551076469961216,0.07278420803125216,408,31038.371365355542
omni_breakout|fixed_low|retest_entry|front_loaded|atr_dynamic_trail|day_of_week|US100.cash,0.8746415068762037,0.5225247308050874,0.0387558079353538,78,961.5357457139269,1.2873479441699784,0.038759236125180875,151,7287.761360713418,1.5551076469961216,0.07278420803125216,408,31038.371365355542
omni_breakout|fixed_low|retest_entry|equal_split|atr_dynamic_trail|day_of_week|US100.cash,0.8746415068762037,0.5225247308050874,0.0387558079353538,78,961.5357457139269,1.2873479441699784,0.038759236125180875,151,7287.761360713418,1.5551076469961216,0.07278420803125216,408,31038.371365355542
omni_breakout|fixed_low|retest_entry|adaptive_tranche|atr_dynamic_trail|day_of_week|US100.cash,0.8746415068762037,0.5225247308050874,0.0387558079353538,78,961.5357457139269,1.2873479441699784,0.038759236125180875,151,7287.761360713418,1.5551076469961216,0.07278420803125216,408,31038.371365355542
omni_breakout|equity_curve|retest_entry|no_pyramid|time_based|spread_gate|US100.cash,0.8710303867880288,1.1879477216205296,0.03641189647659458,127,6657.5501400000285,1.311666973667797,0.03640891199410042,248,12991.486,0.7610555476671613,0.07879742729080122,677,15288.561999999967
omni_breakout|equity_curve|retest_entry|no_pyramid|time_based|none|US100.cash,0.8710303867880288,1.1879477216205296,0.03641189647659458,127,6657.5501400000285,1.311666973667797,0.03640891199410042,248,12991.486,0.7610555476671613,0.07879742729080122,677,15288.561999999967
omni_breakout|anti_martingale|retest_entry|no_pyramid|atr_dynamic_trail|day_of_week|US100.cash,0.8665182364650481,0.3574690748637177,0.0523796444479968,78,820.2616071425036,1.4291998339463088,0.05237847722280359,151,10565.838955713372,1.5249249038513677,0.06747246604288318,408,35815.46441571466
omni_breakout|fixed_low|volume_spike_gate|risk_free_runner|time_based|day_of_week|US100.cash,0.856832068643176,0.7711124853191204,0.03884365618696322,78,2235.922040000048,1.390782740979321,0.038834310051821884,152,7398.4814700000325,1.0307632916897078,0.0440690010948734,409,11237.190470000029
omni_breakout|fixed_low|volume_spike_gate|no_pyramid|time_based|day_of_week|US100.cash,0.856832068643176,0.7711124853191204,0.03884365618696322,78,2235.922040000048,1.390782740979321,0.038834310051821884,152,7398.4814700000325,1.0307632916897078,0.0440690010948734,409,11237.190470000029
omni_breakout|fixed_low|volume_spike_gate|inverse_pyramid|time_based|day_of_week|US100.cash,0.856832068643176,0.7711124853191204,0.03884365618696322,78,2235.922040000048,1.390782740979321,0.038834310051821884,152,7398.4814700000325,1.0307632916897078,0.0440690010948734,409,11237.190470000029
omni_breakout|fixed_low|volume_spike_gate|front_loaded|time_based|day_of_week|US100.cash,0.856832068643176,0.7711124853191204,0.03884365618696322,78,2235.922040000048,1.390782740979321,0.038834310051821884,152,7398.4814700000325,1.0307632916897078,0.0440690010948734,409,11237.190470000029
omni_breakout|fixed_low|volume_spike_gate|equal_split|time_based|day_of_week|US100.cash,0.856832068643176,0.7711124853191204,0.03884365618696322,78,2235.922040000048,1.390782740979321,0.038834310051821884,152,7398.4814700000325,1.0307632916897078,0.0440690010948734,409,11237.190470000029
omni_breakout|fixed_low|stop_order_at_range|risk_free_runner|time_based|day_of_week|US100.cash,0.856832068643176,0.7711124853191204,0.03884365618696322,78,2235.922040000048,1.390782740979321,0.038834310051821884,152,7398.4814700000325,1.0307632916897078,0.0440690010948734,409,11237.190470000029
omni_breakout|fixed_low|stop_order_at_range|no_pyramid|time_based|day_of_week|US100.cash,0.856832068643176,0.7711124853191204,0.03884365618696322,78,2235.922040000048,1.390782740979321,0.038834310051821884,152,7398.4814700000325,1.0307632916897078,0.0440690010948734,409,11237.190470000029
omni_breakout|fixed_low|stop_order_at_range|inverse_pyramid|time_based|day_of_week|US100.cash,0.856832068643176,0.7711124853191204,0.03884365618696322,78,2235.922040000048,1.390782740979321,0.038834310051821884,152,7398.4814700000325,1.0307632916897078,0.0440690010948734,409,11237.190470000029
omni_breakout|fixed_low|stop_order_at_range|front_loaded|time_based|day_of_week|US100.cash,0.856832068643176,0.7711124853191204,0.03884365618696322,78,2235.922040000048,1.390782740979321,0.038834310051821884,152,7398.4814700000325,1.0307632916897078,0.0440690010948734,409,11237.190470000029
omni_breakout|fixed_low|stop_order_at_range|equal_split|time_based|day_of_week|US100.cash,0.856832068643176,0.7711124853191204,0.03884365618696322,78,2235.922040000048,1.390782740979321,0.038834310051821884,152,7398.4814700000325,1.0307632916897078,0.0440690010948734,409,11237.190470000029
omni_breakout|anti_martingale|momentum_threshold|no_pyramid|fixed_sl_tp|day_of_week|US100.cash,0.8560071543468459,1.2099491213572728,0.029752938095076155,76,2235.9696399999702,1.0558259940986534,0.02972376248528509,149,3886.5103999999747,0.9419065359446493,0.040103601026441796,404,9457.780919999946
omni_breakout|anti_martingale|volume_spike_gate|no_pyramid|breakeven_runner|spread_gate|US100.cash,0.8318860409123608,0.07085667275914038,0.041291705347472285,128,127.15070000000635,1.7911926164824898,0.04127305827643145,251,19065.61128999992,1.0503756349356106,0.06567687446513505,681,23247.85572999994
omni_breakout|anti_martingale|volume_spike_gate|no_pyramid|breakeven_runner|none|US100.cash,0.8318860409123608,0.07085667275914038,0.041291705347472285,128,127.15070000000635,1.7911926164824898,0.04127305827643145,251,19065.61128999992,1.0503756349356106,0.06567687446513505,681,23247.85572999994
omni_breakout|anti_martingale|stop_order_at_range|no_pyramid|breakeven_runner|spread_gate|US100.cash,0.8318860409123608,0.07085667275914038,0.041291705347472285,128,127.15070000000635,1.7911926164824898,0.04127305827643145,251,19065.61128999992,1.0503756349356106,0.06567687446513505,681,23247.85572999994
omni_breakout|anti_martingale|stop_order_at_range|no_pyramid|breakeven_runner|none|US100.cash,0.8318860409123608,0.07085667275914038,0.041291705347472285,128,127.15070000000635,1.7911926164824898,0.04127305827643145,251,19065.61128999992,1.0503756349356106,0.06567687446513505,681,23247.85572999994
omni_breakout|anti_martingale|volume_spike_gate|no_pyramid|time_based|day_of_week|US100.cash,0.8146089857162729,0.8471520602943652,0.03048505945211063,78,1914.1594400000458,1.1451057535858813,0.03048172792064097,152,4728.992630000018,0.8790275374039799,0.035126726967753985,409,8061.616819999998
omni_breakout|anti_martingale|stop_order_at_range|no_pyramid|time_based|day_of_week|US100.cash,0.8146089857162729,0.8471520602943652,0.03048505945211063,78,1914.1594400000458,1.1451057535858813,0.03048172792064097,152,4728.992630000018,0.8790275374039799,0.035126726967753985,409,8061.616819999998
omni_breakout|conservative_ramp|retest_entry|risk_free_runner|time_based|day_of_week|US100.cash,0.7881040041999673,0.4363142162083485,0.053079948697974194,78,1616.835530000001,1.0347592823812013,0.06182394468903056,151,10439.35328999995,1.2658937897707196,0.066075916748105,408,31169.36114999973
omni_breakout|conservative_ramp|retest_entry|no_pyramid|time_based|day_of_week|US100.cash,0.7881040041999673,0.4363142162083485,0.053079948697974194,78,1616.835530000001,1.0347592823812013,0.06182394468903056,151,10439.35328999995,1.2658937897707196,0.066075916748105,408,31169.36114999973
omni_breakout|conservative_ramp|retest_entry|inverse_pyramid|time_based|day_of_week|US100.cash,0.7881040041999673,0.4363142162083485,0.053079948697974194,78,1616.835530000001,1.0347592823812013,0.06182394468903056,151,10439.35328999995,1.2658937897707196,0.066075916748105,408,31169.36114999973
omni_breakout|conservative_ramp|retest_entry|front_loaded|time_based|day_of_week|US100.cash,0.7881040041999673,0.4363142162083485,0.053079948697974194,78,1616.835530000001,1.0347592823812013,0.06182394468903056,151,10439.35328999995,1.2658937897707196,0.066075916748105,408,31169.36114999973
omni_breakout|conservative_ramp|retest_entry|equal_split|time_based|day_of_week|US100.cash,0.7881040041999673,0.4363142162083485,0.053079948697974194,78,1616.835530000001,1.0347592823812013,0.06182394468903056,151,10439.35328999995,1.2658937897707196,0.066075916748105,408,31169.36114999973
omni_breakout|anti_martingale|retest_entry|no_pyramid|time_based|day_of_week|US100.cash,0.7841814254322351,0.7266525869475319,0.023082152582361223,78,1597.7807499999985,0.7718505467975472,0.025062408474758213,151,3017.2803299999764,1.14099129253792,0.03354350764394982,408,11398.6060599998
omni_breakout|anti_martingale|dual_timeframe|no_pyramid|time_based|day_of_week|US100.cash,0.7769992129020523,0.7266525869475319,0.023082152582361223,78,1597.7807499999985,0.7353403107445307,0.026354230816081025,152,2875.4061899999765,1.1258824999489567,0.03354350764394982,409,11255.7213199998
omni_breakout|anti_martingale|close_confirmation|no_pyramid|time_based|day_of_week|US100.cash,0.7769992129020523,0.7266525869475319,0.023082152582361223,78,1597.7807499999985,0.7353403107445307,0.026354230816081025,152,2875.4061899999765,1.1258824999489567,0.03354350764394982,409,11255.7213199998
omni_breakout|conservative_ramp|dual_timeframe|risk_free_runner|time_based|day_of_week|US100.cash,0.7727193027709317,0.4363142162083485,0.053079948697974194,78,1616.835530000001,0.9506454315121357,0.06979533284683324,152,9492.495629999949,1.246374527134419,0.06980850977561201,409,30647.05561999973
omni_breakout|conservative_ramp|dual_timeframe|no_pyramid|time_based|day_of_week|US100.cash,0.7727193027709317,0.4363142162083485,0.053079948697974194,78,1616.835530000001,0.9506454315121357,0.06979533284683324,152,9492.495629999949,1.246374527134419,0.06980850977561201,409,30647.05561999973
omni_breakout|conservative_ramp|dual_timeframe|inverse_pyramid|time_based|day_of_week|US100.cash,0.7727193027709317,0.4363142162083485,0.053079948697974194,78,1616.835530000001,0.9506454315121357,0.06979533284683324,152,9492.495629999949,1.246374527134419,0.06980850977561201,409,30647.05561999973
omni_breakout|conservative_ramp|dual_timeframe|front_loaded|time_based|day_of_week|US100.cash,0.7727193027709317,0.4363142162083485,0.053079948697974194,78,1616.835530000001,0.9506454315121357,0.06979533284683324,152,9492.495629999949,1.246374527134419,0.06980850977561201,409,30647.05561999973
omni_breakout|conservative_ramp|dual_timeframe|equal_split|time_based|day_of_week|US100.cash,0.7727193027709317,0.4363142162083485,0.053079948697974194,78,1616.835530000001,0.9506454315121357,0.06979533284683324,152,9492.495629999949,1.246374527134419,0.06980850977561201,409,30647.05561999973
omni_breakout|conservative_ramp|close_confirmation|risk_free_runner|time_based|day_of_week|US100.cash,0.7727193027709317,0.4363142162083485,0.053079948697974194,78,1616.835530000001,0.9506454315121357,0.06979533284683324,152,9492.495629999949,1.246374527134419,0.06980850977561201,409,30647.05561999973
omni_breakout|conservative_ramp|close_confirmation|no_pyramid|time_based|day_of_week|US100.cash,0.7727193027709317,0.4363142162083485,0.053079948697974194,78,1616.835530000001,0.9506454315121357,0.06979533284683324,152,9492.495629999949,1.246374527134419,0.06980850977561201,409,30647.05561999973
omni_breakout|conservative_ramp|close_confirmation|inverse_pyramid|time_based|day_of_week|US100.cash,0.7727193027709317,0.4363142162083485,0.053079948697974194,78,1616.835530000001,0.9506454315121357,0.06979533284683324,152,9492.495629999949,1.246374527134419,0.06980850977561201,409,30647.05561999973
omni_breakout|conservative_ramp|close_confirmation|front_loaded|time_based|day_of_week|US100.cash,0.7727193027709317,0.4363142162083485,0.053079948697974194,78,1616.835530000001,0.9506454315121357,0.06979533284683324,152,9492.495629999949,1.246374527134419,0.06980850977561201,409,30647.05561999973
omni_breakout|conservative_ramp|close_confirmation|equal_split|time_based|day_of_week|US100.cash,0.7727193027709317,0.4363142162083485,0.053079948697974194,78,1616.835530000001,0.9506454315121357,0.06979533284683324,152,9492.495629999949,1.246374527134419,0.06980850977561201,409,30647.05561999973
omni_breakout|fixed_low|momentum_threshold|risk_free_runner|atr_dynamic_trail|spread_gate|US100.cash,0.7632736041060725,0.06779143952602136,0.030050686157142917,125,113.64716071475677,1.0126275607644484,0.05791640415779475,246,10384.493043214678,1.416215401976337,0.07390822012815522,672,49601.986204640125
omni_breakout|fixed_low|momentum_threshold|risk_free_runner|atr_dynamic_trail|none|US100.cash,0.7632736041060725,0.06779143952602136,0.030050686157142917,125,113.64716071475677,1.0126275607644484,0.05791640415779475,246,10384.493043214678,1.416215401976337,0.07390822012815522,672,49601.986204640125
omni_breakout|fixed_low|momentum_threshold|no_pyramid|atr_dynamic_trail|spread_gate|US100.cash,0.7632736041060725,0.06779143952602136,0.030050686157142917,125,113.64716071475677,1.0126275607644484,0.05791640415779475,246,10384.493043214678,1.416215401976337,0.07390822012815522,672,49601.986204640125
omni_breakout|fixed_low|momentum_threshold|no_pyramid|atr_dynamic_trail|none|US100.cash,0.7632736041060725,0.06779143952602136,0.030050686157142917,125,113.64716071475677,1.0126275607644484,0.05791640415779475,246,10384.493043214678,1.416215401976337,0.07390822012815522,672,49601.986204640125
omni_breakout|fixed_low|momentum_threshold|momentum_confirmed|atr_dynamic_trail|spread_gate|US100.cash,0.7632736041060725,0.06779143952602136,0.030050686157142917,125,113.64716071475677,1.0126275607644484,0.05791640415779475,246,10384.493043214678,1.416215401976337,0.07390822012815522,672,49601.986204640125
omni_breakout|fixed_low|momentum_threshold|momentum_confirmed|atr_dynamic_trail|none|US100.cash,0.7632736041060725,0.06779143952602136,0.030050686157142917,125,113.64716071475677,1.0126275607644484,0.05791640415779475,246,10384.493043214678,1.416215401976337,0.07390822012815522,672,49601.986204640125
omni_breakout|fixed_low|momentum_threshold|inverse_pyramid|atr_dynamic_trail|spread_gate|US100.cash,0.7632736041060725,0.06779143952602136,0.030050686157142917,125,113.64716071475677,1.0126275607644484,0.05791640415779475,246,10384.493043214678,1.416215401976337,0.07390822012815522,672,49601.986204640125
omni_breakout|fixed_low|momentum_threshold|inverse_pyramid|atr_dynamic_trail|none|US100.cash,0.7632736041060725,0.06779143952602136,0.030050686157142917,125,113.64716071475677,1.0126275607644484,0.05791640415779475,246,10384.493043214678,1.416215401976337,0.07390822012815522,672,49601.986204640125
omni_breakout|fixed_low|momentum_threshold|front_loaded|atr_dynamic_trail|spread_gate|US100.cash,0.7632736041060725,0.06779143952602136,0.030050686157142917,125,113.64716071475677,1.0126275607644484,0.05791640415779475,246,10384.493043214678,1.416215401976337,0.07390822012815522,672,49601.986204640125
omni_breakout|fixed_low|momentum_threshold|front_loaded|atr_dynamic_trail|none|US100.cash,0.7632736041060725,0.06779143952602136,0.030050686157142917,125,113.64716071475677,1.0126275607644484,0.05791640415779475,246,10384.493043214678,1.416215401976337,0.07390822012815522,672,49601.986204640125
omni_breakout|fixed_low|momentum_threshold|equal_split|atr_dynamic_trail|spread_gate|US100.cash,0.7632736041060725,0.06779143952602136,0.030050686157142917,125,113.64716071475677,1.0126275607644484,0.05791640415779475,246,10384.493043214678,1.416215401976337,0.07390822012815522,672,49601.986204640125
omni_breakout|fixed_low|momentum_threshold|equal_split|atr_dynamic_trail|none|US100.cash,0.7632736041060725,0.06779143952602136,0.030050686157142917,125,113.64716071475677,1.0126275607644484,0.05791640415779475,246,10384.493043214678,1.416215401976337,0.07390822012815522,672,49601.986204640125
omni_breakout|fixed_low|momentum_threshold|adaptive_tranche|atr_dynamic_trail|spread_gate|US100.cash,0.7632736041060725,0.06779143952602136,0.030050686157142917,125,113.64716071475677,1.0126275607644484,0.05791640415779475,246,10384.493043214678,1.416215401976337,0.07390822012815522,672,49601.986204640125
omni_breakout|fixed_low|momentum_threshold|adaptive_tranche|atr_dynamic_trail|none|US100.cash,0.7632736041060725,0.06779143952602136,0.030050686157142917,125,113.64716071475677,1.0126275607644484,0.05791640415779475,246,10384.493043214678,1.416215401976337,0.07390822012815522,672,49601.986204640125
omni_breakout|equity_curve|volume_spike_gate|no_pyramid|time_based|day_of_week|US100.cash,0.7603458197670174,0.4261550339436451,0.038328225324359796,78,959.2587000000553,1.1278579449116957,0.03834491765308399,152,5272.044380000022,0.94826471056325,0.05264515459568415,409,10068.539780000006
omni_breakout|equity_curve|stop_order_at_range|no_pyramid|time_based|day_of_week|US100.cash,0.7603458197670174,0.4261550339436451,0.038328225324359796,78,959.2587000000553,1.1278579449116957,0.03834491765308399,152,5272.044380000022,0.94826471056325,0.05264515459568415,409,10068.539780000006
omni_breakout|fixed_low|momentum_threshold|risk_free_runner|fixed_sl_tp|spread_gate|US100.cash,0.6924393024757166,0.8963642531027183,0.033454989462571305,125,1925.8215699999578,0.3015287901224981,0.033470061106717755,246,1214.6101899999442,0.7543335321137152,0.045932423724715794,672,8783.408529999833
omni_breakout|fixed_low|momentum_threshold|risk_free_runner|fixed_sl_tp|none|US100.cash,0.6924393024757166,0.8963642531027183,0.033454989462571305,125,1925.8215699999578,0.3015287901224981,0.033470061106717755,246,1214.6101899999442,0.7543335321137152,0.045932423724715794,672,8783.408529999833
omni_breakout|fixed_low|momentum_threshold|no_pyramid|fixed_sl_tp|spread_gate|US100.cash,0.6924393024757166,0.8963642531027183,0.033454989462571305,125,1925.8215699999578,0.3015287901224981,0.033470061106717755,246,1214.6101899999442,0.7543335321137152,0.045932423724715794,672,8783.408529999833
omni_breakout|fixed_low|momentum_threshold|no_pyramid|fixed_sl_tp|none|US100.cash,0.6924393024757166,0.8963642531027183,0.033454989462571305,125,1925.8215699999578,0.3015287901224981,0.033470061106717755,246,1214.6101899999442,0.7543335321137152,0.045932423724715794,672,8783.408529999833
omni_breakout|equity_curve|retest_entry|no_pyramid|time_based|day_of_week|US100.cash,0.6872708390590269,0.06487368825148696,0.03457497003096377,78,64.72571000002081,0.7621211129694925,0.03455428842206252,151,3432.73847000001,1.1209194853152669,0.03456238311861991,408,12693.316919999808
omni_breakout|equity_curve|dual_timeframe|no_pyramid|time_based|day_of_week|US100.cash,0.6754057561650306,0.06487368825148696,0.03457497003096377,78,64.72571000002081,0.7014466542171548,0.03456292679327583,152,3154.9255400000093,1.0947027119042283,0.03456044034977443,409,12393.114079999808
omni_breakout|equity_curve|close_confirmation|no_pyramid|time_based|day_of_week|US100.cash,0.6754057561650306,0.06487368825148696,0.03457497003096377,78,64.72571000002081,0.7014466542171548,0.03456292679327583,152,3154.9255400000093,1.0947027119042283,0.03456044034977443,409,12393.114079999808
omni_breakout|equity_curve|momentum_threshold|no_pyramid|fixed_sl_tp|spread_gate|US100.cash,0.6504380461044202,1.1420436993145344,0.0369474930207094,125,2855.7834699999476,0.08356897916335519,0.041393754099420026,246,279.5053899999372,0.4337124750352001,0.0603385963812276,672,5320.173079999859
omni_breakout|equity_curve|momentum_threshold|no_pyramid|fixed_sl_tp|none|US100.cash,0.6504380461044202,1.1420436993145344,0.0369474930207094,125,2855.7834699999476,0.08356897916335519,0.041393754099420026,246,279.5053899999372,0.4337124750352001,0.0603385963812276,672,5320.173079999859
omni_breakout|fixed_low|momentum_threshold|risk_free_runner|atr_dynamic_trail|day_of_week|US100.cash,0.6479888558094474,0.3804294729180411,0.025102669565183998,76,672.3126349999724,0.09701615243068433,0.057694726891848215,149,280.15373535727514,1.21820271347517,0.05769633150075008,404,23240.819478568796
omni_breakout|fixed_low|momentum_threshold|no_pyramid|atr_dynamic_trail|day_of_week|US100.cash,0.6479888558094474,0.3804294729180411,0.025102669565183998,76,672.3126349999724,0.09701615243068433,0.057694726891848215,149,280.15373535727514,1.21820271347517,0.05769633150075008,404,23240.819478568796
omni_breakout|fixed_low|momentum_threshold|momentum_confirmed|atr_dynamic_trail|day_of_week|US100.cash,0.6479888558094474,0.3804294729180411,0.025102669565183998,76,672.3126349999724,0.09701615243068433,0.057694726891848215,149,280.15373535727514,1.21820271347517,0.05769633150075008,404,23240.819478568796
omni_breakout|fixed_low|momentum_threshold|inverse_pyramid|atr_dynamic_trail|day_of_week|US100.cash,0.6479888558094474,0.3804294729180411,0.025102669565183998,76,672.3126349999724,0.09701615243068433,0.057694726891848215,149,280.15373535727514,1.21820271347517,0.05769633150075008,404,23240.819478568796
omni_breakout|fixed_low|momentum_threshold|front_loaded|atr_dynamic_trail|day_of_week|US100.cash,0.6479888558094474,0.3804294729180411,0.025102669565183998,76,672.3126349999724,0.09701615243068433,0.057694726891848215,149,280.15373535727514,1.21820271347517,0.05769633150075008,404,23240.819478568796
omni_breakout|fixed_low|momentum_threshold|equal_split|atr_dynamic_trail|day_of_week|US100.cash,0.6479888558094474,0.3804294729180411,0.025102669565183998,76,672.3126349999724,0.09701615243068433,0.057694726891848215,149,280.15373535727514,1.21820271347517,0.05769633150075008,404,23240.819478568796
omni_breakout|fixed_low|momentum_threshold|adaptive_tranche|atr_dynamic_trail|day_of_week|US100.cash,0.6479888558094474,0.3804294729180411,0.025102669565183998,76,672.3126349999724,0.09701615243068433,0.057694726891848215,149,280.15373535727514,1.21820271347517,0.05769633150075008,404,23240.819478568796
omni_breakout|fixed_low|momentum_threshold|risk_free_runner|fixed_sl_tp|day_of_week|US100.cash,0.6366567060152549,0.30793318204369674,0.026691268765315634,76,385.9531199999782,0.6843113411316825,0.026707503321672814,149,1740.158659999979,0.5854479011001058,0.030962927532485474,404,4009.8406299999397
omni_breakout|fixed_low|momentum_threshold|no_pyramid|fixed_sl_tp|day_of_week|US100.cash,0.6366567060152549,0.30793318204369674,0.026691268765315634,76,385.9531199999782,0.6843113411316825,0.026707503321672814,149,1740.158659999979,0.5854479011001058,0.030962927532485474,404,4009.8406299999397
omni_breakout|equity_curve|momentum_threshold|no_pyramid|atr_dynamic_trail|day_of_week|US100.cash,0.6316673058796038,0.6401567638218457,0.029757040886319086,76,1414.9292517852489,0.07401892232647683,0.06269095345614153,149,155.06214535747657,0.8707281188201246,0.06268828651637519,404,17691.406866426318
omni_breakout|aggressive_flat|momentum_threshold|no_pyramid|fixed_sl_tp|day_of_week|US100.cash,0.6270729055761838,0.3071698003410638,0.056534741614851225,76,753.1177999999521,0.6852197630171075,0.05652531627799999,149,3625.748839999953,0.5852355103073861,0.06558117832971569,404,8382.614779999869
omni_breakout|volatility_scaled|momentum_threshold|no_pyramid|fixed_sl_tp|day_of_week|US100.cash,0.6223610322507397,0.30677083030402463,0.07483240290573509,76,942.4004499999351,0.6853736463484894,0.0748427942001383,149,4741.869509999936,0.5852341390297254,0.07483798972672338,404,10985.104009999823
omni_breakout|equity_curve|momentum_threshold|no_pyramid|fixed_sl_tp|day_of_week|US100.cash,0.5605104462123022,0.3746164941405263,0.02649757446236004,76,553.4441199999765,0.2084082796798211,0.026494284100792097,149,538.6712299999792,0.43228696446473963,0.03339928357320806,404,3179.6643899999453
